,tanggal,Terakhir,Pembukaan,Tertinggi,Terendah,Vol.,Perubahan%,avg_sentiment,prop_pos,prop_neg,prop_neu,count,max_impact
0,2022-01-03,666531.0,658626.0,667720.0,658613.0,18260000000.0,1.27,0.0,0.0,0.0,1.0,1.0,netral
1,2022-01-04,669537.0,667513.0,672066.0,667513.0,18590000000.0,0.45,0.7891942858695984,1.0,0.0,0.0,2.0,positif
2,2022-01-05,666230.0,670317.0,673811.0,663484.0,17910000000.0,-0.49,0.0,0.0,0.0,1.0,0.0,netral
3,2022-01-06,665335.0,667485.0,667985.0,659323.0,18000000000.0,-0.13,-0.6461620330810547,0.0,1.0,0.0,1.0,negatif
4,2022-01-07,670132.0,666951.0,671215.0,664771.0,15710000000.0,0.72,0.5,0.5,0.0,0.5,2.0,positif
5,2022-01-10,669112.0,669738.0,672502.0,668928.0,15940000000.0,-0.15,0.0,0.0,0.0,1.0,0.0,netral
6,2022-01-11,664797.0,670580.0,672777.0,663650.0,18110000000.0,-0.64,1.0,1.0,0.0,0.0,1.0,positif
7,2022-01-12,664706.0,666240.0,669032.0,662576.0,19290000000.0,-0.01,0.0,0.0,0.0,1.0,1.0,netral
8,2022-01-13,665836.0,665997.0,666794.0,662634.0,18080000000.0,0.17,0.0,0.0,0.0,1.0,1.0,netral
9,2022-01-14,669340.0,665365.0,669941.0,663105.0,14050000000.0,0.53,0.0,0.0,0.0,1.0,0.0,netral
10,2022-01-17,664505.0,671141.0,671182.0,662586.0,14860000000.0,-0.72,0.0,0.0,0.0,1.0,1.0,netral
11,2022-01-18,661406.0,665496.0,666740.0,653427.0,17280000000.0,-0.47,-1.0,0.0,1.0,0.0,1.0,negatif
12,2022-01-19,659198.0,660983.0,661545.0,657538.0,17140000000.0,-0.33,0.0,0.0,0.0,1.0,0.0,netral
13,2022-01-20,662687.0,660780.0,663721.0,658777.0,15830000000.0,0.53,0.0,0.0,0.0,1.0,1.0,netral
14,2022-01-21,672637.0,662635.0,672637.0,660742.0,15460000000.0,1.5,0.4445842206478119,0.5,0.0,0.5,4.0,positif
15,2022-01-24,665517.0,670082.0,671226.0,664541.0,17620000000.0,-1.06,1.0,1.0,0.0,0.0,1.0,positif
16,2022-01-25,656817.0,663088.0,663295.0,652393.0,21320000000.0,-1.31,-1.0,0.0,1.0,0.0,1.0,negatif
17,2022-01-26,660082.0,656982.0,660134.0,654952.0,22630000000.0,0.5,-1.0,0.0,1.0,0.0,1.0,negatif
18,2022-01-27,661116.0,658685.0,662741.0,657075.0,17780000000.0,0.16,0.5,0.5,0.0,0.5,4.0,positif
19,2022-01-28,664551.0,661872.0,664551.0,660349.0,19270000000.0,0.52,0.0,0.0,0.0,1.0,2.0,netral
20,2022-01-31,663115.0,665671.0,666991.0,662666.0,18250000000.0,-0.22,0.9736580550670624,1.0,0.0,0.0,2.0,positif
21,2022-02-02,670765.0,665779.0,671660.0,665030.0,21480000000.0,1.15,1.0,1.0,0.0,0.0,1.0,positif
22,2022-02-03,668385.0,672440.0,673060.0,664808.0,20240000000.0,-0.35,0.0,0.0,0.0,1.0,1.0,netral
23,2022-02-04,673139.0,669794.0,673139.0,668540.0,17730000000.0,0.71,-0.8989858329296112,0.0,1.0,0.0,2.0,negatif
24,2022-02-07,680494.0,675135.0,680673.0,674891.0,22590000000.0,1.09,0.25062423944473267,0.6666666666666666,0.3333333333333333,0.0,3.0,positif
25,2022-02-08,678952.0,681318.0,686075.0,678042.0,25590000000.0,-0.23,0.0,0.0,0.0,1.0,1.0,netral
26,2022-02-09,683461.0,681175.0,684039.0,679663.0,25350000000.0,0.66,0.5,0.5,0.0,0.5,2.0,positif
27,2022-02-10,682364.0,685933.0,687435.0,681421.0,27950000000.0,-0.16,0.5,0.5,0.0,0.5,2.0,positif
28,2022-02-11,681561.0,681361.0,682506.0,677354.0,22360000000.0,-0.12,-0.004701167345046997,0.5,0.5,0.0,2.0,netral
29,2022-02-14,673449.0,679132.0,679671.0,669851.0,20290000000.0,-1.19,-0.17332324385643005,0.5,0.5,0.0,2.0,netral
30,2022-02-15,680750.0,674636.0,680750.0,672736.0,21040000000.0,1.08,0.0,0.0,0.0,1.0,0.0,netral
31,2022-02-16,685020.0,682193.0,685765.0,682116.0,21630000000.0,0.63,0.0,0.0,0.0,1.0,0.0,netral
32,2022-02-17,683512.0,683618.0,685971.0,679059.0,22950000000.0,-0.22,0.0,0.0,0.0,1.0,1.0,netral
33,2022-02-18,689282.0,683752.0,689941.0,681236.0,23380000000.0,0.84,1.0,1.0,0.0,0.0,1.0,positif
34,2022-02-21,690296.0,689675.0,692791.0,688613.0,23160000000.0,0.15,0.9003702402114868,1.0,0.0,0.0,1.0,positif
35,2022-02-22,686199.0,687982.0,690400.0,682394.0,19620000000.0,-0.59,0.3333333333333333,0.3333333333333333,0.0,0.6666666666666666,3.0,netral
36,2022-02-23,692006.0,687863.0,692006.0,687381.0,20480000000.0,0.85,0.0,0.0,0.0,1.0,1.0,netral
37,2022-02-24,681782.0,691248.0,692991.0,675886.0,28270000000.0,-1.48,-0.2,0.2,0.4,0.4,5.0,negatif
38,2022-02-25,688817.0,682537.0,690491.0,682224.0,21190000000.0,1.03,0.3333333333333333,0.3333333333333333,0.0,0.6666666666666666,3.0,netral
39,2022-03-01,692144.0,696470.0,699694.0,691598.0,19600000000.0,0.48,0.9659276604652405,1.0,0.0,0.0,5.0,positif
40,2022-03-02,686840.0,695662.0,697336.0,686196.0,32580000000.0,-0.77,-0.5630672176678976,0.0,0.6666666666666666,0.3333333333333333,3.0,negatif
41,2022-03-04,692833.0,692132.0,693699.0,689573.0,24750000000.0,0.87,-1.0,0.0,1.0,0.0,1.0,negatif
42,2022-03-07,686907.0,690532.0,691793.0,684381.0,26130000000.0,-0.86,-0.5,0.0,0.5,0.5,2.0,negatif
43,2022-03-08,681418.0,689563.0,692986.0,681418.0,24620000000.0,-0.8,0.7395446300506592,1.0,0.0,0.0,1.0,positif
44,2022-03-09,686444.0,683667.0,688893.0,682409.0,21000000000.0,0.74,0.6681355834007263,1.0,0.0,0.0,1.0,positif
45,2022-03-10,692401.0,689717.0,692401.0,683773.0,19410000000.0,0.87,-1.0,0.0,1.0,0.0,1.0,negatif
46,2022-03-11,692260.0,687263.0,692260.0,685386.0,17410000000.0,-0.02,0.0,0.0,0.0,1.0,0.0,netral
47,2022-03-14,695220.0,694921.0,696999.0,691831.0,19330000000.0,0.43,0.37852202355861664,0.5,0.0,0.5,2.0,positif
48,2022-03-15,691819.0,696835.0,699632.0,689492.0,18970000000.0,-0.49,1.0,1.0,0.0,0.0,2.0,positif
49,2022-03-16,699240.0,695135.0,699240.0,694684.0,17129999999.999998,1.07,1.0,1.0,0.0,0.0,1.0,positif
50,2022-03-17,696438.0,701653.0,703270.0,694917.0,19740000000.0,-0.4,0.01993080973625183,0.5,0.5,0.0,2.0,netral
51,2022-03-18,695496.0,698126.0,700059.0,692641.0,19810000000.0,-0.14,-0.9690702855587006,0.0,1.0,0.0,2.0,negatif
52,2022-03-21,695518.0,694589.0,697415.0,692993.0,21670000000.0,0.0,0.8540773689746857,1.0,0.0,0.0,2.0,positif
53,2022-03-22,700082.0,697498.0,700326.0,696820.0,18830000000.0,0.66,0.0,0.0,0.0,1.0,2.0,netral
54,2022-03-23,699612.0,701084.0,702204.0,697616.0,21420000000.0,-0.07,0.3333333333333333,0.3333333333333333,0.0,0.6666666666666666,3.0,netral
55,2022-03-24,704969.0,698618.0,704969.0,697783.0,26500000000.0,0.77,-1.0,0.0,1.0,0.0,1.0,negatif
56,2022-03-25,700253.0,705055.0,705534.0,697840.0,20190000000.0,-0.67,0.0,0.0,0.0,1.0,1.0,netral
57,2022-03-28,704960.0,699632.0,705154.0,698722.0,17400000000.0,0.67,0.0,0.0,0.0,1.0,1.0,netral
58,2022-03-29,701169.0,705273.0,707278.0,700791.0,18520000000.0,-0.54,0.0,0.0,0.0,1.0,2.0,netral
59,2022-03-30,705319.0,703720.0,705587.0,702265.0,19460000000.0,0.59,-0.3894970268011093,0.0,0.5,0.5,2.0,negatif
60,2022-03-31,707144.0,707076.0,709950.0,704981.0,17870000000.0,0.26,1.0,1.0,0.0,0.0,1.0,positif
61,2022-04-01,707876.0,709370.0,709930.0,704049.0,15760000000.0,0.1,0.5,0.5,0.0,0.5,2.0,positif
62,2022-04-04,711622.0,708225.0,711622.0,706021.0,17360000000.0,0.53,-0.6203966736793518,0.0,1.0,0.0,1.0,negatif
63,2022-04-05,714830.0,712291.0,714830.0,711011.0,18420000000.0,0.45,0.0,0.0,0.0,1.0,1.0,netral
64,2022-04-06,710422.0,712841.0,714799.0,709022.0,21670000000.0,-0.62,0.0,0.0,0.0,1.0,2.0,netral
65,2022-04-07,712737.0,711509.0,714517.0,709790.0,20480000000.0,0.33,0.9602565964063009,1.0,0.0,0.0,3.0,positif
66,2022-04-08,721083.0,715731.0,721649.0,715126.0,20740000000.0,1.17,0.9851030707359314,1.0,0.0,0.0,1.0,positif
67,2022-04-11,720379.0,721200.0,735530.0,719461.0,33460000000.0,-0.1,0.25,0.25,0.0,0.75,4.0,netral
68,2022-04-12,721478.0,720508.0,732024.0,714659.0,25390000000.0,0.15,0.6353611747423807,0.6666666666666666,0.0,0.3333333333333333,3.0,positif
69,2022-04-13,726278.0,724019.0,726640.0,721286.0,24590000000.0,0.67,0.0,0.0,0.0,1.0,0.0,netral
70,2022-04-14,723553.0,726532.0,728291.0,723433.0,23870000000.0,-0.38,0.5,0.5,0.0,0.5,2.0,positif
71,2022-04-18,727529.0,724550.0,727708.0,724336.0,21080000000.0,0.55,0.34929201006889343,0.5,0.0,0.5,2.0,positif
72,2022-04-19,719923.0,728342.0,729739.0,719923.0,21480000000.0,-1.05,0.0,0.0,0.0,1.0,1.0,netral
73,2022-04-20,722736.0,722687.0,726256.0,718496.0,26630000000.0,0.39,0.9847820699214935,1.0,0.0,0.0,1.0,positif
74,2022-04-21,727619.0,724950.0,729467.0,724573.0,17710000000.0,0.68,0.0,0.3333333333333333,0.3333333333333333,0.3333333333333333,3.0,netral
75,2022-04-22,722561.0,725198.0,729148.0,717481.0,24980000000.0,-0.7,0.1147733449935913,0.4,0.2,0.4,5.0,positif
76,2022-04-25,721598.0,720416.0,723431.0,712186.0,21230000000.0,-0.13,0.585453987121582,0.6666666666666666,0.0,0.3333333333333333,3.0,positif
77,2022-04-26,723215.0,720892.0,724748.0,716166.0,19740000000.0,0.22,1.0,1.0,0.0,0.0,1.0,positif
78,2022-04-27,719676.0,721171.0,722602.0,717507.0,20200000000.0,-0.49,0.0,0.0,0.0,1.0,1.0,netral
79,2022-04-28,722891.0,726027.0,726711.0,720460.0,19430000000.0,0.45,0.0,0.5,0.5,0.0,2.0,netral
80,2022-05-09,690975.0,715492.0,715648.0,689700.0,21280000000.0,-4.42,-1.0,0.0,1.0,0.0,1.0,negatif
81,2022-05-10,681979.0,674756.0,683210.0,666261.0,19310000000.0,-1.3,-1.0,0.0,1.0,0.0,1.0,negatif
82,2022-05-11,681620.0,681620.0,690222.0,679630.0,20620000000.0,-0.05,0.5,0.5,0.0,0.5,2.0,positif
83,2022-05-12,659984.0,680233.0,680233.0,657631.0,19470000000.0,-3.17,0.6666666666666666,0.6666666666666666,0.0,0.3333333333333333,3.0,positif
84,2022-05-13,659799.0,658658.0,663301.0,650988.0,17770000000.0,-0.03,-1.0,0.0,1.0,0.0,2.0,negatif
85,2022-05-17,664447.0,660389.0,670305.0,657414.0,19590000000.0,0.7,-0.5,0.0,0.5,0.5,2.0,negatif
86,2022-05-18,679341.0,667639.0,680491.0,664894.0,19230000000.0,2.24,0.9508565664291382,1.0,0.0,0.0,1.0,positif
87,2022-05-19,682333.0,671976.0,685172.0,662068.0,23470000000.0,0.44,0.0,0.0,0.0,1.0,2.0,netral
88,2022-05-20,691814.0,683902.0,696511.0,680491.0,19320000000.0,1.39,1.0,1.0,0.0,0.0,2.0,positif
89,2022-05-23,684077.0,693094.0,697218.0,680271.0,18180000000.0,-1.12,0.6666666666666666,0.6666666666666666,0.0,0.3333333333333333,3.0,positif
90,2022-05-24,691414.0,685922.0,694167.0,682214.0,19780000000.0,1.07,0.0,0.0,0.0,1.0,1.0,netral
91,2022-05-25,688350.0,691465.0,694448.0,685870.0,17390000000.0,-0.44,0.2432308942079544,0.5,0.25,0.25,4.0,positif
92,2022-05-27,702626.0,694823.0,703282.0,693829.0,19690000000.0,2.07,0.75,0.75,0.0,0.25,4.0,positif
93,2022-05-30,703756.0,705217.0,706925.0,697462.0,20150000000.0,0.16,0.0,0.0,0.0,1.0,0.0,netral
94,2022-05-31,714897.0,706423.0,714897.0,703376.0,27960000000.0,1.58,0.0,0.0,0.0,1.0,0.0,netral
95,2022-06-02,714872.0,713060.0,720908.0,711798.0,22740000000.0,0.0,0.026048749685287476,0.3333333333333333,0.3333333333333333,0.3333333333333333,3.0,netral
96,2022-06-03,718296.0,717668.0,723400.0,717069.0,24060000000.0,0.48,0.0,0.0,0.0,1.0,0.0,netral
97,2022-06-06,709658.0,716317.0,719454.0,705617.0,23120000000.0,-1.2,0.0,0.5,0.5,0.0,2.0,netral
98,2022-06-07,714104.0,710131.0,719254.0,706297.0,27520000000.0,0.63,0.0,0.0,0.0,1.0,1.0,netral
99,2022-06-08,719331.0,713350.0,722008.0,710286.0,26060000000.0,0.73,0.5,0.5,0.0,0.5,2.0,positif
100,2022-06-09,718283.0,718689.0,725800.0,717482.0,27000000000.0,-0.15,0.0,0.0,0.0,1.0,0.0,netral
101,2022-06-10,708665.0,714324.0,716012.0,705122.0,24460000000.0,-1.34,1.0,1.0,0.0,0.0,2.0,positif
102,2022-06-13,699544.0,699223.0,699671.0,692495.0,26290000000.0,-1.29,0.944203644990921,1.0,0.0,0.0,2.0,positif
103,2022-06-14,704988.0,694965.0,704988.0,693271.0,23500000000.0,0.78,0.5,0.5,0.0,0.5,2.0,positif
104,2022-06-15,700705.0,703120.0,708638.0,696603.0,27410000000.0,-0.61,0.0,0.0,0.0,1.0,1.0,netral
105,2022-06-16,705033.0,706308.0,713850.0,702593.0,26860000000.0,0.62,0.0,0.3333333333333333,0.3333333333333333,0.3333333333333333,3.0,netral
106,2022-06-17,693697.0,698775.0,699954.0,688264.0,28160000000.0,-1.61,-1.0,0.0,1.0,0.0,1.0,negatif
107,2022-06-20,697638.0,693701.0,697638.0,685960.0,27040000000.0,0.57,-1.0,0.0,1.0,0.0,1.0,negatif
108,2022-06-21,704407.0,697634.0,704991.0,696762.0,23540000000.0,0.97,0.0,0.0,0.0,1.0,0.0,netral
109,2022-06-22,698431.0,704411.0,706326.0,696830.0,21420000000.0,-0.85,0.3665105998516083,0.5,0.0,0.5,2.0,positif
110,2022-06-23,699827.0,698431.0,701027.0,692073.0,21210000000.0,0.2,0.0,0.0,0.0,1.0,2.0,netral
111,2022-06-24,704294.0,699835.0,706775.0,699792.0,20150000000.0,0.64,0.0,0.0,0.0,1.0,1.0,netral
112,2022-06-27,701606.0,704302.0,707052.0,697366.0,18140000000.0,-0.38,0.0,0.0,0.0,1.0,0.0,netral
113,2022-06-28,699646.0,701614.0,701692.0,696007.0,17260000000.0,-0.28,1.0,1.0,0.0,0.0,2.0,positif
114,2022-06-29,694235.0,699646.0,701606.0,694235.0,16469999999.999998,-0.77,0.0,0.0,0.0,1.0,0.0,netral
115,2022-06-30,691158.0,694235.0,699086.0,689768.0,16480000000.0,-0.44,-0.5,0.0,0.5,0.5,2.0,negatif
116,2022-07-01,679433.0,691158.0,694098.0,677732.0,15740000000.0,-1.7,-1.0,0.0,1.0,0.0,1.0,negatif
117,2022-07-04,663917.0,679437.0,679652.0,655964.0,17290000000.0,-2.28,0.0,0.0,0.0,1.0,0.0,netral
118,2022-07-05,670327.0,663921.0,676783.0,663921.0,18110000000.0,0.97,0.0,0.0,0.0,1.0,0.0,netral
119,2022-07-06,664641.0,670327.0,670992.0,660290.0,14060000000.0,-0.85,0.0,0.3333333333333333,0.3333333333333333,0.3333333333333333,3.0,netral
120,2022-07-07,665259.0,664641.0,668267.0,663239.0,15800000000.0,0.09,0.6218586464722952,0.8333333333333334,0.16666666666666666,0.0,6.0,positif
121,2022-07-08,674022.0,665267.0,674022.0,665267.0,15760000000.0,1.32,1.0,1.0,0.0,0.0,2.0,positif
122,2022-07-11,672215.0,674002.0,675709.0,669062.0,16360000000.0,-0.27,1.0,1.0,0.0,0.0,1.0,positif
123,2022-07-12,671829.0,672219.0,674543.0,670818.0,18430000000.0,-0.06,1.0,1.0,0.0,0.0,1.0,positif
124,2022-07-13,664099.0,671829.0,672792.0,663605.0,16930000000.0,-1.15,1.0,1.0,0.0,0.0,1.0,positif
125,2022-07-14,669009.0,664099.0,670005.0,660770.0,13130000000.0,0.74,0.0,0.0,0.0,1.0,1.0,netral
126,2022-07-15,665190.0,669009.0,671696.0,664590.0,14570000000.0,-0.57,0.0,0.0,0.0,1.0,1.0,netral
127,2022-07-18,665925.0,665206.0,670207.0,661193.0,14370000000.0,0.11,0.0,0.0,0.0,1.0,1.0,netral
128,2022-07-19,673609.0,665929.0,674008.0,662625.0,17079999999.999998,1.15,0.9495251178741455,1.0,0.0,0.0,1.0,positif
129,2022-07-20,687474.0,673617.0,688076.0,673606.0,18250000000.0,2.06,0.8846105337142944,1.0,0.0,0.0,1.0,positif
130,2022-07-21,686413.0,687478.0,689338.0,680972.0,15640000000.0,-0.15,1.0,1.0,0.0,0.0,1.0,positif
131,2022-07-22,688696.0,686413.0,690172.0,685049.0,19960000000.0,0.33,0.0,0.0,0.0,1.0,2.0,netral
132,2022-07-25,685841.0,688704.0,690819.0,685841.0,21060000000.0,-0.41,0.03850409388542175,0.5,0.5,0.0,2.0,netral
133,2022-07-26,687154.0,685845.0,689993.0,685780.0,32020000000.000004,0.19,1.0,1.0,0.0,0.0,1.0,positif
134,2022-07-27,689822.0,687150.0,691190.0,686145.0,27680000000.0,0.39,1.0,1.0,0.0,0.0,1.0,positif
135,2022-07-28,695682.0,689830.0,698453.0,689830.0,28730000000.0,0.85,1.0,1.0,0.0,0.0,2.0,positif
136,2022-07-29,695112.0,695690.0,703235.0,695112.0,29250000000.0,-0.08,0.0,0.3333333333333333,0.3333333333333333,0.3333333333333333,3.0,netral
137,2022-08-01,696878.0,695112.0,700529.0,694963.0,23850000000.0,0.25,0.5,0.5,0.0,0.5,2.0,positif
138,2022-08-02,698816.0,696878.0,699139.0,690263.0,21620000000.0,0.28,0.5,0.5,0.0,0.5,2.0,positif
139,2022-08-03,704663.0,698816.0,704663.0,697174.0,22580000000.0,0.84,1.0,1.0,0.0,0.0,1.0,positif
140,2022-08-04,705735.0,704663.0,707556.0,702505.0,24820000000.0,0.15,0.4317956417798996,0.5,0.0,0.5,2.0,positif
141,2022-08-05,708465.0,705735.0,709077.0,704598.0,17390000000.0,0.39,0.0,0.0,0.0,1.0,1.0,netral
142,2022-08-08,708685.0,708465.0,710081.0,705082.0,21900000000.0,0.03,0.9120221138000488,1.0,0.0,0.0,1.0,positif
143,2022-08-09,710288.0,708685.0,714420.0,708685.0,26320000000.0,0.23,1.0,1.0,0.0,0.0,1.0,positif
144,2022-08-10,708624.0,710288.0,710403.0,702167.0,20040000000.0,-0.23,0.3333333333333333,0.3333333333333333,0.0,0.6666666666666666,3.0,netral
145,2022-08-11,716038.0,708628.0,718110.0,708628.0,24630000000.0,1.05,0.0,0.0,0.0,1.0,0.0,netral
146,2022-08-12,712928.0,716038.0,716467.0,711358.0,24010000000.0,-0.43,0.0,0.0,0.0,1.0,2.0,netral
147,2022-08-15,709328.0,712928.0,715692.0,708130.0,22820000000.0,-0.5,0.7072803154587746,0.75,0.0,0.25,4.0,positif
148,2022-08-16,713345.0,709328.0,714797.0,708075.0,23120000000.0,0.57,0.2049427032470703,0.3333333333333333,0.0,0.6666666666666666,3.0,netral
149,2022-08-18,718656.0,713345.0,718656.0,712539.0,23930000000.0,0.74,1.0,1.0,0.0,0.0,1.0,positif
150,2022-08-19,717243.0,718660.0,723011.0,717243.0,23290000000.0,-0.2,0.6666666666666666,0.6666666666666666,0.0,0.3333333333333333,3.0,positif
151,2022-08-22,710798.0,717243.0,717428.0,706450.0,20450000000.0,-0.9,-1.0,0.0,1.0,0.0,1.0,negatif
152,2022-08-23,716327.0,710786.0,718326.0,710683.0,26060000000.0,0.78,1.0,1.0,0.0,0.0,1.0,positif
153,2022-08-24,719471.0,716331.0,720442.0,715464.0,22150000000.0,0.44,0.3643081784248352,0.5,0.0,0.5,2.0,positif
154,2022-08-25,717421.0,719471.0,721016.0,714631.0,28090000000.0,-0.28,0.0,0.0,0.0,1.0,4.0,netral
155,2022-08-26,713525.0,717429.0,719408.0,713525.0,27390000000.0,-0.54,0.0,0.0,0.0,1.0,0.0,netral
156,2022-08-29,713204.0,713509.0,713509.0,701535.0,25680000000.0,-0.04,0.8967436850070953,1.0,0.0,0.0,2.0,positif
157,2022-08-30,715947.0,713208.0,722313.0,713162.0,30830000000.0,0.38,0.0,0.0,0.0,1.0,0.0,netral
158,2022-08-31,717859.0,715951.0,717859.0,707322.0,25690000000.0,0.27,0.0,0.0,0.0,1.0,0.0,netral
159,2022-09-01,715310.0,717859.0,719706.0,713502.0,25240000000.0,-0.36,1.0,1.0,0.0,0.0,3.0,positif
160,2022-09-02,717718.0,715310.0,720762.0,714681.0,28480000000.0,0.34,0.0,0.0,0.0,1.0,1.0,netral
161,2022-09-05,723188.0,717714.0,724540.0,714798.0,30920000000.0,0.76,0.0,0.0,0.0,1.0,0.0,netral
162,2022-09-06,723315.0,723192.0,728770.0,723079.0,34640000000.0,0.02,0.0,0.0,0.0,1.0,0.0,netral
163,2022-09-07,718676.0,723315.0,724352.0,716663.0,32820000000.0,-0.64,0.0,0.0,0.0,1.0,0.0,netral
164,2022-09-08,723202.0,718676.0,727788.0,718656.0,27770000000.0,0.63,0.0,0.0,0.0,1.0,0.0,netral
165,2022-09-09,724266.0,723206.0,727030.0,720637.0,27360000000.0,0.15,1.0,1.0,0.0,0.0,1.0,positif
166,2022-09-12,725446.0,724270.0,727642.0,721846.0,30080000000.0,0.16,0.0,0.0,0.0,1.0,0.0,netral
167,2022-09-13,731802.0,725446.0,734546.0,725442.0,28530000000.0,0.88,-0.26655616362889606,0.0,0.3333333333333333,0.6666666666666666,3.0,netral
168,2022-09-14,727808.0,731790.0,731790.0,721932.0,25020000000.0,-0.55,0.0,0.0,0.0,1.0,0.0,netral
169,2022-09-15,730560.0,727820.0,737750.0,727820.0,27430000000.0,0.38,0.8681650757789612,1.0,0.0,0.0,1.0,positif
170,2022-09-16,716887.0,730560.0,730616.0,716307.0,35180000000.0,-1.87,0.5,0.5,0.0,0.5,2.0,positif
171,2022-09-19,719549.0,716895.0,723142.0,715162.0,25280000000.0,0.37,0.0,0.0,0.0,1.0,2.0,netral
172,2022-09-20,719695.0,719557.0,725219.0,718625.0,27970000000.0,0.02,1.0,1.0,0.0,0.0,1.0,positif
173,2022-09-21,718831.0,719687.0,720490.0,713479.0,24620000000.0,-0.12,0.0,0.0,0.0,1.0,3.0,netral
174,2022-09-22,721891.0,718819.0,722555.0,712746.0,28260000000.0,0.43,0.0,0.0,0.0,1.0,1.0,netral
175,2022-09-23,717858.0,721903.0,721903.0,717253.0,20550000000.0,-0.56,0.9131424427032471,1.0,0.0,0.0,2.0,positif
176,2022-09-26,712750.0,717850.0,717850.0,703924.0,19340000000.0,-0.71,-0.1828511357307434,0.3333333333333333,0.6666666666666666,0.0,3.0,negatif
177,2022-09-27,711245.0,712750.0,713341.0,707565.0,22720000000.0,-0.21,0.0,0.0,0.0,1.0,0.0,netral
178,2022-09-28,707703.0,711241.0,715698.0,707347.0,19340000000.0,-0.5,0.0,0.0,0.0,1.0,0.0,netral
179,2022-09-29,703620.0,707711.0,713550.0,702321.0,21410000000.0,-0.58,0.0,0.0,0.0,1.0,0.0,netral
180,2022-09-30,704080.0,703620.0,705617.0,692686.0,20850000000.0,0.07,0.0,0.0,0.0,1.0,0.0,netral
181,2022-10-03,700972.0,704080.0,704762.0,699506.0,18000000000.0,-0.44,-0.5239599943161011,0.0,1.0,0.0,1.0,negatif
182,2022-10-04,707226.0,700984.0,710147.0,700984.0,21640000000.0,0.89,0.0,0.0,0.0,1.0,0.0,netral
183,2022-10-05,707538.0,707229.0,713188.0,707021.0,21970000000.0,0.04,0.5,0.5,0.0,0.5,2.0,positif
184,2022-10-06,707662.0,707538.0,713591.0,706647.0,17760000000.0,0.02,0.0,0.0,0.0,1.0,0.0,netral
185,2022-10-07,702678.0,707662.0,708102.0,700814.0,22690000000.0,-0.7,0.0,0.0,0.0,1.0,2.0,netral
186,2022-10-10,699440.0,702666.0,702666.0,694772.0,22010000000.0,-0.46,0.0,0.0,0.0,1.0,1.0,netral
187,2022-10-11,693915.0,699440.0,700197.0,693781.0,23740000000.0,-0.79,-0.06333455443382263,0.5,0.5,0.0,2.0,netral
188,2022-10-12,690921.0,693915.0,699059.0,687028.0,22580000000.0,-0.43,0.0,0.0,0.0,1.0,0.0,netral
189,2022-10-13,688063.0,690921.0,693371.0,688063.0,17520000000.0,-0.41,-0.21450749039649963,0.5,0.5,0.0,2.0,netral
190,2022-10-14,681453.0,688067.0,694385.0,681453.0,18810000000.0,-0.96,0.0,0.0,0.0,1.0,0.0,netral
191,2022-10-17,683112.0,681453.0,683698.0,674738.0,21780000000.0,0.24,-0.5233538746833801,0.0,1.0,0.0,1.0,negatif
192,2022-10-18,683449.0,683115.0,689198.0,680998.0,20480000000.0,0.05,-0.5,0.0,0.5,0.5,2.0,negatif
193,2022-10-19,686042.0,683449.0,688392.0,680611.0,16540000000.0,0.38,0.0,0.0,0.0,1.0,1.0,netral
194,2022-10-20,698065.0,686042.0,698621.0,684707.0,22570000000.0,1.75,0.6666666666666666,0.6666666666666666,0.0,0.3333333333333333,3.0,positif
195,2022-10-21,701777.0,698069.0,705891.0,697496.0,18150000000.0,0.53,0.15378594398498535,0.5,0.5,0.0,2.0,netral
196,2022-10-24,705304.0,701781.0,709217.0,701746.0,20390000000.0,0.5,0.0,0.5,0.5,0.0,2.0,netral
197,2022-10-25,704838.0,705308.0,710882.0,703254.0,22350000000.0,-0.07,-1.0,0.0,1.0,0.0,1.0,negatif
198,2022-10-26,704394.0,704842.0,708188.0,701794.0,18780000000.0,-0.06,1.0,1.0,0.0,0.0,2.0,positif
199,2022-10-27,709176.0,704398.0,710485.0,704398.0,18810000000.0,0.68,0.25,0.5,0.25,0.25,4.0,positif
200,2022-10-28,705604.0,709176.0,710081.0,701670.0,18670000000.0,-0.5,1.0,1.0,0.0,0.0,1.0,positif
201,2022-10-31,709889.0,705604.0,711311.0,705143.0,19240000000.0,0.61,0.3333333333333333,0.3333333333333333,0.0,0.6666666666666666,3.0,netral
202,2022-11-01,705230.0,709893.0,712814.0,701855.0,19310000000.0,-0.66,0.0,0.0,0.0,1.0,1.0,netral
203,2022-11-02,701569.0,705230.0,707423.0,697687.0,16520000000.0,-0.52,0.0,0.0,0.0,1.0,0.0,netral
204,2022-11-03,703457.0,701569.0,705038.0,696285.0,17660000000.0,0.27,0.5231419682502747,0.8,0.2,0.0,5.0,positif
205,2022-11-04,704553.0,703457.0,704553.0,697332.0,18060000000.0,0.16,0.6008406281471252,1.0,0.0,0.0,1.0,positif
206,2022-11-07,710240.0,704553.0,710240.0,701156.0,19410000000.0,0.81,0.0,0.0,0.0,1.0,1.0,netral
207,2022-11-08,705013.0,710244.0,711144.0,703925.0,19340000000.0,-0.74,0.06130887567996979,0.5,0.25,0.25,4.0,positif
208,2022-11-09,707008.0,705009.0,707355.0,703731.0,18740000000.0,0.28,0.5,0.5,0.0,0.5,2.0,positif
209,2022-11-10,696684.0,707008.0,707008.0,695629.0,18850000000.0,-1.46,0.0,0.0,0.0,1.0,0.0,netral
210,2022-11-11,708921.0,696700.0,710606.0,696700.0,22610000000.0,1.76,0.0,0.0,0.0,1.0,0.0,netral
211,2022-11-14,701939.0,708921.0,710476.0,701430.0,17460000000.0,-0.98,0.0,0.0,0.0,1.0,0.0,netral
212,2022-11-15,703550.0,701939.0,704839.0,699924.0,16780000000.000002,0.23,0.0,0.0,0.0,1.0,0.0,netral
213,2022-11-16,701438.0,703550.0,704700.0,695553.0,16510000000.000002,-0.3,0.0,0.0,0.0,1.0,0.0,netral
214,2022-11-17,704499.0,701438.0,705127.0,696576.0,15660000000.0,0.44,0.5668838620185852,1.0,0.0,0.0,1.0,positif
215,2022-11-18,708218.0,704503.0,709410.0,702775.0,16719999999.999998,0.53,1.0,1.0,0.0,0.0,1.0,positif
216,2022-11-21,706325.0,708218.0,710732.0,705044.0,16280000000.000002,-0.27,0.0,0.0,0.0,1.0,4.0,netral
217,2022-11-22,703059.0,706325.0,710883.0,703059.0,17760000000.0,-0.46,0.5,0.5,0.0,0.5,2.0,positif
218,2022-11-23,705412.0,703063.0,708969.0,702639.0,15750000000.0,0.33,0.0,0.0,0.0,1.0,0.0,netral
219,2022-11-24,708052.0,705416.0,710489.0,705416.0,15990000000.0,0.37,1.0,1.0,0.0,0.0,1.0,positif
220,2022-11-25,705315.0,708055.0,708656.0,701322.0,15870000000.0,-0.39,0.5,0.5,0.0,0.5,2.0,positif
221,2022-11-28,701736.0,705311.0,708338.0,701145.0,18720000000.0,-0.51,1.0,1.0,0.0,0.0,1.0,positif
222,2022-11-29,701207.0,701732.0,703654.0,699090.0,16410000000.0,-0.08,0.0,0.0,0.0,1.0,0.0,netral
223,2022-11-30,708131.0,701211.0,708131.0,699370.0,27350000000.0,0.99,0.28286582231521606,0.6,0.2,0.2,5.0,positif
224,2022-12-01,702080.0,708119.0,709028.0,701827.0,16800000000.0,-0.85,-1.0,0.0,1.0,0.0,1.0,negatif
225,2022-12-02,701964.0,702080.0,702181.0,696795.0,13950000000.0,-0.02,0.0,0.0,0.0,1.0,0.0,netral
226,2022-12-05,698733.0,701964.0,705390.0,698733.0,16530000000.000002,-0.46,0.13367166519165039,0.4,0.2,0.4,5.0,positif
227,2022-12-06,689257.0,698737.0,698737.0,686256.0,14970000000.0,-1.36,0.0,0.5,0.5,0.0,2.0,netral
228,2022-12-07,681875.0,689257.0,689266.0,679930.0,15870000000.0,-1.07,0.5,0.5,0.0,0.5,2.0,positif
229,2022-12-08,680423.0,681879.0,682105.0,668363.0,16230000000.0,-0.21,0.5,0.5,0.0,0.5,2.0,positif
230,2022-12-09,671512.0,680423.0,680423.0,669538.0,12710000000.0,-1.31,-0.3333333333333333,0.0,0.3333333333333333,0.6666666666666666,3.0,netral
231,2022-12-12,673445.0,671512.0,673445.0,664181.0,13450000000.0,0.29,0.0,0.0,0.0,1.0,0.0,netral
232,2022-12-13,681032.0,673449.0,682612.0,671487.0,39610000000.0,1.13,0.0,0.0,0.0,1.0,0.0,netral
233,2022-12-14,680175.0,681036.0,685410.0,677413.0,21540000000.0,-0.13,0.0,0.0,0.0,1.0,0.0,netral
234,2022-12-15,675186.0,680179.0,680184.0,674096.0,14510000000.0,-0.73,0.2864186763763428,0.5,0.0,0.5,2.0,positif
235,2022-12-16,681219.0,675186.0,681219.0,669377.0,15610000000.0,0.89,0.0,0.0,0.0,1.0,1.0,netral
236,2022-12-19,677970.0,681215.0,682781.0,675409.0,12790000000.0,-0.48,-0.5,0.0,0.5,0.5,2.0,negatif
237,2022-12-20,676832.0,677970.0,679220.0,671504.0,15180000000.0,-0.17,-1.0,0.0,1.0,0.0,1.0,negatif
238,2022-12-21,682066.0,676832.0,682066.0,676370.0,13910000000.0,0.77,1.0,1.0,0.0,0.0,1.0,positif
239,2022-12-22,682443.0,682070.0,684412.0,680062.0,12900000000.0,0.06,0.0,0.0,0.0,1.0,0.0,netral
240,2022-12-23,680067.0,682439.0,682439.0,678459.0,12040000000.0,-0.35,0.0,0.0,0.0,1.0,0.0,netral
242,2022-12-26,683581.0,680071.0,685815.0,679617.0,11750000000.0,0.52,0.0,0.0,0.0,1.0,0.0,netral
243,2022-12-27,692303.0,683585.0,693389.0,683566.0,12170000000.0,1.28,0.8705615997314453,1.0,0.0,0.0,4.0,positif
244,2022-12-28,685052.0,692307.0,695304.0,682814.0,12060000000.0,-1.05,0.0,0.0,0.0,1.0,0.0,netral
245,2022-12-29,686008.0,685052.0,687958.0,678698.0,14100000000.0,0.14,0.3333333333333333,0.6666666666666666,0.3333333333333333,0.0,3.0,positif
246,2022-12-30,685062.0,686012.0,688874.0,683859.0,12930000000.0,-0.14,0.4,0.6,0.2,0.2,5.0,positif
247,2023-01-02,685098.0,685074.0,685689.0,682348.0,10960000000.0,0.01,-0.5,0.0,0.5,0.5,2.0,negatif
248,2023-01-03,688876.0,685098.0,690800.0,683857.0,15690000000.0,0.55,0.7815346837043762,0.8,0.0,0.2,5.0,positif
249,2023-01-04,681324.0,688880.0,690060.0,681324.0,14250000000.0,-1.1,0.7211583852767944,0.75,0.0,0.25,4.0,positif
250,2023-01-05,665384.0,681328.0,681342.0,662199.0,18060000000.0,-2.34,0.0,0.0,0.0,1.0,1.0,netral
251,2023-01-06,668456.0,665376.0,670864.0,659865.0,10990000000.0,0.46,0.0,0.0,0.0,1.0,3.0,netral
252,2023-01-09,668827.0,668456.0,672697.0,663865.0,13590000000.0,0.06,0.4236210584640503,0.5,0.0,0.5,2.0,positif
253,2023-01-10,662250.0,668827.0,669023.0,657024.0,14480000000.0,-0.98,0.6666666666666666,0.6666666666666666,0.0,0.3333333333333333,3.0,positif
254,2023-01-11,658445.0,662254.0,662279.0,655792.0,12490000000.0,-0.57,1.0,1.0,0.0,0.0,1.0,positif
255,2023-01-12,662993.0,658449.0,666223.0,657409.0,14890000000.0,0.69,0.5,0.5,0.0,0.5,2.0,positif
256,2023-01-13,664183.0,662993.0,665848.0,660059.0,16559999999.999998,0.18,0.0,0.0,0.0,1.0,0.0,netral
257,2023-01-16,668806.0,664183.0,668806.0,662770.0,15490000000.0,0.7,-0.5,0.0,0.5,0.5,2.0,negatif
258,2023-01-17,676734.0,668806.0,680187.0,668806.0,21760000000.0,1.19,0.0,0.0,0.0,1.0,0.0,netral
259,2023-01-18,676579.0,676718.0,679016.0,672146.0,19500000000.0,-0.02,0.0,0.0,0.0,1.0,1.0,netral
260,2023-01-19,681991.0,676575.0,682098.0,675455.0,15420000000.0,0.8,0.0,0.0,0.0,1.0,1.0,netral
261,2023-01-20,687493.0,681991.0,687493.0,681953.0,17380000000.0,0.81,0.0,0.25,0.25,0.5,4.0,netral
262,2023-01-24,686085.0,687493.0,690679.0,684101.0,19680000000.0,-0.2,0.3333333333333333,0.3333333333333333,0.0,0.6666666666666666,3.0,netral
263,2023-01-25,682993.0,686085.0,687136.0,682128.0,18790000000.0,-0.45,0.0,0.0,0.0,1.0,1.0,netral
264,2023-01-26,686482.0,682997.0,687487.0,681579.0,17110000000.0,0.51,0.0,0.0,0.0,1.0,0.0,netral
265,2023-01-27,689898.0,686482.0,693271.0,686482.0,14920000000.0,0.5,-1.0,0.0,1.0,0.0,1.0,negatif
266,2023-01-30,687248.0,689902.0,692547.0,683408.0,13470000000.0,-0.38,0.0,0.0,0.0,1.0,1.0,netral
267,2023-01-31,683934.0,687252.0,688096.0,682724.0,15180000000.0,-0.48,0.0,0.0,0.0,1.0,2.0,netral
268,2023-02-01,686226.0,683892.0,689318.0,683892.0,14590000000.0,0.34,0.9923204034566879,1.0,0.0,0.0,2.0,positif
269,2023-02-02,689057.0,686226.0,689673.0,685537.0,18920000000.0,0.41,0.0,0.0,0.0,1.0,3.0,netral
270,2023-02-03,691173.0,689071.0,695197.0,689071.0,20290000000.0,0.31,1.0,1.0,0.0,0.0,1.0,positif
271,2023-02-06,687379.0,691173.0,692488.0,683576.0,14350000000.0,-0.55,0.0,0.5,0.5,0.0,2.0,netral
272,2023-02-07,693530.0,687379.0,694623.0,687379.0,17310000000.0,0.89,0.0,0.0,0.0,1.0,0.0,netral
273,2023-02-08,694012.0,693530.0,696192.0,691211.0,17270000000.0,0.07,1.0,1.0,0.0,0.0,1.0,positif
274,2023-02-09,689737.0,694012.0,696115.0,689604.0,17670000000.0,-0.62,1.0,1.0,0.0,0.0,1.0,positif
275,2023-02-10,688033.0,689524.0,689524.0,680342.0,14080000000.0,-0.25,1.0,1.0,0.0,0.0,2.0,positif
276,2023-02-13,690014.0,688033.0,691514.0,687188.0,21390000000.0,0.29,-0.32982122898101807,0.0,0.3333333333333333,0.6666666666666666,3.0,netral
277,2023-02-14,694185.0,690014.0,694185.0,690014.0,16280000000.000002,0.6,1.0,1.0,0.0,0.0,1.0,positif
278,2023-02-15,691454.0,694185.0,694603.0,687287.0,14850000000.0,-0.39,0.0,0.0,0.0,1.0,2.0,netral
279,2023-02-16,689566.0,691454.0,693328.0,687530.0,17360000000.0,-0.27,0.0,0.0,0.0,1.0,0.0,netral
280,2023-02-17,689571.0,689566.0,691909.0,686828.0,18010000000.0,0.0,-0.14200998842716217,0.0,0.25,0.75,4.0,netral
281,2023-02-20,689472.0,689586.0,691050.0,686367.0,17590000000.0,-0.01,0.0,0.0,0.0,1.0,0.0,netral
282,2023-02-21,687340.0,689472.0,692367.0,687091.0,14420000000.0,-0.31,0.0,0.0,0.0,1.0,0.0,netral
283,2023-02-22,680997.0,687326.0,687539.0,678123.0,14920000000.0,-0.92,0.0,0.0,0.0,1.0,1.0,netral
284,2023-02-23,683945.0,681011.0,683945.0,680700.0,12450000000.0,0.43,0.0,0.0,0.0,1.0,0.0,netral
285,2023-02-24,685658.0,683945.0,688031.0,683945.0,13030000000.0,0.25,0.0,0.0,0.0,1.0,1.0,netral
286,2023-02-27,685478.0,685658.0,687111.0,681987.0,12760000000.0,-0.03,0.25,0.25,0.0,0.75,4.0,netral
287,2023-02-28,684324.0,685478.0,689035.0,684324.0,16790000000.0,-0.17,0.0,0.0,0.0,1.0,1.0,netral
288,2023-03-01,684494.0,684310.0,688951.0,683319.0,14630000000.0,0.02,0.0,0.0,0.0,1.0,0.0,netral
289,2023-03-02,685742.0,684508.0,687510.0,684186.0,13610000000.0,0.18,0.0,0.0,0.0,1.0,0.0,netral
290,2023-03-03,681364.0,685742.0,688412.0,680448.0,11870000000.0,-0.64,0.0,0.0,0.0,1.0,0.0,netral
291,2023-03-06,680700.0,681392.0,685657.0,680119.0,13710000000.0,-0.1,0.0,0.0,0.0,1.0,0.0,netral
292,2023-03-07,676676.0,680686.0,681296.0,675800.0,14040000000.0,-0.59,0.0,0.25,0.25,0.5,4.0,netral
293,2023-03-08,677637.0,676676.0,677637.0,672819.0,14410000000.0,0.14,0.0,0.3333333333333333,0.3333333333333333,0.3333333333333333,3.0,netral
294,2023-03-09,679979.0,677637.0,682466.0,677637.0,11320000000.0,0.35,0.02038271725177765,0.25,0.25,0.5,4.0,netral
295,2023-03-10,676530.0,679979.0,679979.0,674141.0,13170000000.0,-0.51,-1.0,0.0,1.0,0.0,1.0,negatif
296,2023-03-13,678696.0,676502.0,681287.0,672744.0,14180000000.0,0.32,0.13338714838027954,0.3333333333333333,0.3333333333333333,0.3333333333333333,3.0,netral
297,2023-03-14,664181.0,678667.0,678667.0,663538.0,16660000000.0,-2.14,-0.6666666666666666,0.0,0.6666666666666666,0.3333333333333333,3.0,negatif
298,2023-03-15,662814.0,664181.0,670986.0,662814.0,13920000000.0,-0.21,0.0,0.0,0.0,1.0,1.0,netral
299,2023-03-16,656573.0,662814.0,663077.0,654279.0,15440000000.0,-0.94,-0.25,0.0,0.25,0.75,4.0,netral
300,2023-03-17,667824.0,656573.0,668309.0,656573.0,45580000000.0,1.71,-1.0,0.0,1.0,0.0,1.0,negatif
301,2023-03-20,661249.0,667824.0,667824.0,658769.0,12890000000.0,-0.98,-1.0,0.0,1.0,0.0,1.0,negatif
302,2023-03-21,669161.0,661249.0,669161.0,660922.0,14550000000.0,1.2,1.0,1.0,0.0,0.0,1.0,positif
303,2023-03-24,676225.0,669402.0,677690.0,669217.0,14660000000.0,1.06,1.0,1.0,0.0,0.0,1.0,positif
304,2023-03-27,670893.0,676225.0,677260.0,670475.0,13520000000.0,-0.79,-0.5418094992637634,0.0,1.0,0.0,1.0,negatif
305,2023-03-28,676033.0,670893.0,676465.0,670893.0,12610000000.0,0.77,0.5,0.5,0.0,0.5,2.0,positif
306,2023-03-29,683944.0,676033.0,685151.0,676033.0,14330000000.0,1.17,0.1921956092119217,0.5,0.0,0.5,2.0,positif
307,2023-03-30,680895.0,683944.0,686863.0,680309.0,14050000000.0,-0.45,0.0,0.0,0.0,1.0,0.0,netral
308,2023-03-31,680528.0,680909.0,683155.0,678961.0,13900000000.0,-0.05,-0.5,0.0,0.5,0.5,2.0,negatif
309,2023-04-03,682717.0,680528.0,684936.0,680513.0,12750000000.0,0.32,0.0,0.0,0.0,1.0,0.0,netral
310,2023-04-04,683318.0,682703.0,685969.0,678152.0,13160000000.0,0.09,0.3333333333333333,0.6666666666666666,0.3333333333333333,0.0,3.0,positif
311,2023-04-05,681967.0,683318.0,686734.0,681643.0,12400000000.0,-0.2,0.0,0.0,0.0,1.0,0.0,netral
312,2023-04-06,679277.0,681967.0,683273.0,678629.0,17290000000.0,-0.39,0.0,0.0,0.0,1.0,0.0,netral
313,2023-04-10,677123.0,679277.0,679949.0,673519.0,12940000000.0,-0.32,0.0,0.0,0.0,1.0,0.0,netral
314,2023-04-11,681131.0,677123.0,681131.0,673877.0,16140000000.0,0.59,0.0,0.0,0.0,1.0,0.0,netral
315,2023-04-12,679896.0,681146.0,683374.0,677528.0,15140000000.0,-0.18,0.0,0.0,0.0,1.0,0.0,netral
316,2023-04-13,678560.0,679854.0,681688.0,676466.0,16149999999.999998,-0.2,0.0,0.0,0.0,1.0,0.0,netral
317,2023-04-14,681857.0,678588.0,683807.0,678570.0,13700000000.0,0.49,0.0,0.0,0.0,1.0,1.0,netral
318,2023-04-17,678758.0,681871.0,682951.0,676514.0,9490000000.0,-0.45,0.41590142250061035,0.5,0.0,0.5,2.0,positif
319,2023-04-18,682181.0,678758.0,683976.0,678417.0,10370000000.0,0.5,0.0,0.0,0.0,1.0,0.0,netral
320,2023-04-26,691015.0,682181.0,691015.0,682160.0,12020000000.0,1.29,0.0,0.0,0.0,1.0,1.0,netral
321,2023-04-27,694548.0,691085.0,697191.0,687765.0,16160000000.0,0.51,1.0,1.0,0.0,0.0,1.0,positif
322,2023-04-28,691572.0,694548.0,695867.0,689771.0,13060000000.0,-0.43,0.0,0.5,0.5,0.0,2.0,netral
323,2023-05-02,686330.0,691572.0,692034.0,681434.0,13650000000.0,-0.76,-0.5,0.0,0.5,0.5,2.0,negatif
324,2023-05-03,681272.0,686330.0,686561.0,677690.0,12130000000.0,-0.74,-1.0,0.0,1.0,0.0,2.0,negatif
325,2023-05-04,684403.0,681272.0,684612.0,678009.0,13750000000.0,0.46,1.0,1.0,0.0,0.0,1.0,positif
326,2023-05-05,678763.0,684403.0,685159.0,673378.0,14820000000.0,-0.82,0.0,0.0,0.0,1.0,1.0,netral
327,2023-05-08,676963.0,678749.0,679832.0,675666.0,17960000000.0,-0.27,0.5,0.5,0.0,0.5,2.0,positif
328,2023-05-09,677998.0,676963.0,679377.0,674218.0,17210000000.0,0.15,0.0,0.0,0.0,1.0,1.0,netral
329,2023-05-10,681190.0,678040.0,682012.0,677519.0,18150000000.0,0.47,0.0,0.0,0.0,1.0,2.0,netral
330,2023-05-11,675594.0,681190.0,681412.0,671742.0,16290000000.0,-0.82,0.0,0.0,0.0,1.0,0.0,netral
331,2023-05-12,670776.0,675594.0,675594.0,670457.0,17380000000.0,-0.71,1.0,1.0,0.0,0.0,1.0,positif
332,2023-05-15,671174.0,670846.0,672930.0,665665.0,14260000000.0,0.06,0.5478515028953552,1.0,0.0,0.0,1.0,positif
333,2023-05-16,667656.0,671174.0,672907.0,665907.0,15640000000.0,-0.52,1.0,1.0,0.0,0.0,3.0,positif
334,2023-05-17,666311.0,667642.0,670660.0,666147.0,18040000000.0,-0.2,0.7784414291381836,1.0,0.0,0.0,1.0,positif
335,2023-05-19,670056.0,666311.0,671503.0,666275.0,16160000000.0,0.56,0.5501847863197327,0.6666666666666666,0.0,0.3333333333333333,3.0,positif
336,2023-05-22,672965.0,670056.0,675762.0,667588.0,16750000000.0,0.43,-0.30660587549209595,0.0,0.3333333333333333,0.6666666666666666,3.0,netral
337,2023-05-23,673668.0,672965.0,677265.0,672707.0,16219999999.999998,0.1,-1.0,0.0,1.0,0.0,1.0,negatif
338,2023-05-24,674580.0,673668.0,675588.0,671389.0,13770000000.0,0.14,1.0,1.0,0.0,0.0,1.0,positif
339,2023-05-25,670423.0,674580.0,674971.0,670253.0,15700000000.0,-0.62,0.0,0.0,0.0,1.0,0.0,netral
340,2023-05-26,668700.0,670423.0,672729.0,666924.0,18150000000.0,-0.26,-0.5,0.0,0.5,0.5,2.0,negatif
341,2023-05-29,668110.0,668728.0,670837.0,661724.0,16480000000.0,-0.09,0.0,0.0,0.0,1.0,0.0,netral
342,2023-05-30,663642.0,668110.0,670024.0,663642.0,17380000000.0,-0.67,-0.1568209926287333,0.3333333333333333,0.3333333333333333,0.3333333333333333,3.0,netral
343,2023-05-31,663326.0,663642.0,665765.0,656296.0,61510000000.0,-0.05,-1.0,0.0,1.0,0.0,1.0,negatif
344,2023-06-05,663344.0,663326.0,666371.0,659851.0,15270000000.0,0.0,0.023198112845420837,0.5,0.5,0.0,4.0,netral
345,2023-06-06,661892.0,663344.0,667757.0,660200.0,23180000000.0,-0.22,0.3333333333333333,0.6666666666666666,0.3333333333333333,0.0,3.0,positif
346,2023-06-07,661975.0,661906.0,663858.0,657876.0,16290000000.0,0.01,1.0,1.0,0.0,0.0,3.0,positif
347,2023-06-08,666633.0,661975.0,666633.0,659842.0,16860000000.0,0.7,1.0,1.0,0.0,0.0,1.0,positif
348,2023-06-09,669402.0,666605.0,670382.0,664896.0,18280000000.0,0.42,0.0,0.0,0.0,1.0,2.0,netral
349,2023-06-12,672237.0,669458.0,672237.0,667052.0,15870000000.0,0.42,0.3333333333333333,0.3333333333333333,0.0,0.6666666666666666,3.0,netral
350,2023-06-13,671901.0,672237.0,674404.0,669707.0,17660000000.0,-0.05,0.0,0.0,0.0,1.0,4.0,netral
351,2023-06-14,669972.0,671887.0,674464.0,667286.0,17830000000.0,-0.29,0.5,0.5,0.0,0.5,2.0,positif
352,2023-06-15,671379.0,669972.0,671746.0,666091.0,15120000000.0,0.21,0.22384295293263026,0.42857142857142855,0.14285714285714285,0.42857142857142855,7.0,positif
353,2023-06-16,669855.0,671352.0,672646.0,666934.0,17210000000.0,-0.23,-0.18643665313720703,0.5,0.5,0.0,2.0,netral
354,2023-06-19,668606.0,669855.0,670504.0,666905.0,16140000000.0,-0.19,0.5,0.5,0.0,0.5,2.0,positif
355,2023-06-20,666046.0,668606.0,669244.0,662615.0,11830000000.0,-0.38,-0.18302734196186066,0.0,0.25,0.75,4.0,netral
356,2023-06-21,670263.0,666046.0,670263.0,663567.0,12030000000.0,0.63,1.0,1.0,0.0,0.0,2.0,positif
357,2023-06-22,665226.0,670277.0,671798.0,665226.0,16850000000.000002,-0.75,0.0,0.0,0.0,1.0,2.0,netral
358,2023-06-23,663973.0,665226.0,666566.0,663548.0,11340000000.0,-0.19,-1.0,0.0,1.0,0.0,4.0,negatif
359,2023-06-26,666467.0,663973.0,667406.0,662218.0,12600000000.0,0.38,0.0,0.0,0.0,1.0,0.0,netral
360,2023-06-27,666188.0,666467.0,667963.0,665290.0,14230000000.0,-0.04,-1.0,0.0,1.0,0.0,1.0,negatif
361,2023-07-03,669672.0,666174.0,669672.0,666082.0,12560000000.0,0.52,0.5,0.5,0.0,0.5,2.0,positif
362,2023-07-04,668175.0,669686.0,671399.0,667277.0,14630000000.0,-0.22,0.0,0.0,0.0,1.0,0.0,netral
363,2023-07-05,671898.0,668175.0,671906.0,667693.0,14890000000.0,0.56,0.49513036012649536,0.5,0.0,0.5,2.0,positif
364,2023-07-06,675733.0,671826.0,676627.0,671207.0,17950000000.0,0.57,0.0,0.0,0.0,1.0,2.0,netral
365,2023-07-07,671646.0,675705.0,675705.0,671122.0,15830000000.0,-0.6,0.0,0.0,0.0,1.0,2.0,netral
366,2023-07-10,673104.0,671646.0,676355.0,671646.0,12360000000.0,0.22,0.5,0.5,0.0,0.5,2.0,positif
367,2023-07-11,679692.0,673118.0,679692.0,673063.0,16040000000.0,0.98,0.18845325708389282,0.3333333333333333,0.0,0.6666666666666666,3.0,netral
368,2023-07-12,680821.0,679692.0,682018.0,678586.0,16170000000.000002,0.17,0.0,0.0,0.0,1.0,0.0,netral
369,2023-07-13,681021.0,680835.0,683574.0,678374.0,17140000000.0,0.03,0.0,0.0,0.0,1.0,0.0,netral
370,2023-07-14,686957.0,681021.0,687478.0,681021.0,16070000000.0,0.87,0.0,0.0,0.0,1.0,1.0,netral
371,2023-07-17,686714.0,686971.0,693127.0,686714.0,17680000000.0,-0.04,0.0,0.0,0.0,1.0,0.0,netral
372,2023-07-18,683020.0,686714.0,690214.0,679843.0,15040000000.0,-0.54,-0.5596520900726318,0.0,1.0,0.0,1.0,negatif
373,2023-07-20,686419.0,683006.0,687489.0,682800.0,14200000000.0,0.5,0.0,0.0,0.0,1.0,1.0,netral
374,2023-07-21,688080.0,686419.0,688080.0,683765.0,13160000000.0,0.24,0.3715527057647705,0.5,0.0,0.5,2.0,positif
375,2023-07-24,689940.0,688080.0,692968.0,687795.0,15010000000.0,0.27,-0.9210783839225769,0.0,1.0,0.0,1.0,negatif
376,2023-07-25,691771.0,689798.0,694462.0,689798.0,15050000000.0,0.27,0.8572931587696075,1.0,0.0,0.0,2.0,positif
377,2023-07-26,694828.0,691771.0,695598.0,691741.0,14970000000.0,0.44,0.0,0.0,0.0,1.0,0.0,netral
378,2023-07-27,689666.0,694828.0,696617.0,689666.0,15860000000.0,-0.74,0.0,0.0,0.0,1.0,2.0,netral
379,2023-07-28,690023.0,689681.0,690410.0,685737.0,14670000000.0,0.05,0.0,0.0,0.0,1.0,1.0,netral
380,2023-07-31,693136.0,690023.0,693136.0,689507.0,17149999999.999998,0.45,0.3333333333333333,0.3333333333333333,0.0,0.6666666666666666,3.0,netral
381,2023-08-01,688650.0,693108.0,693439.0,688047.0,19610000000.0,-0.65,-0.1378705402215322,0.3333333333333333,0.6666666666666666,0.0,3.0,negatif
382,2023-08-02,685451.0,688650.0,688650.0,683398.0,18390000000.0,-0.46,0.0,0.0,0.0,1.0,0.0,netral
383,2023-08-03,689808.0,685451.0,692405.0,683974.0,16360000000.0,0.64,0.1774184505144755,0.3333333333333333,0.0,0.6666666666666666,3.0,netral
384,2023-08-04,685284.0,689822.0,692501.0,685090.0,11880000000.0,-0.66,1.0,1.0,0.0,0.0,1.0,positif
385,2023-08-07,688637.0,685284.0,690436.0,685284.0,13450000000.0,0.49,-0.13748914003372192,0.3333333333333333,0.3333333333333333,0.3333333333333333,3.0,netral
386,2023-08-08,686881.0,688651.0,691505.0,686163.0,17040000000.0,-0.25,1.0,1.0,0.0,0.0,2.0,positif
387,2023-08-09,687511.0,686881.0,690106.0,686308.0,21850000000.0,0.09,0.7333420515060425,1.0,0.0,0.0,1.0,positif
388,2023-08-10,689328.0,687511.0,691075.0,687511.0,16270000000.0,0.26,-1.0,0.0,1.0,0.0,1.0,negatif
389,2023-08-11,687998.0,689328.0,690665.0,686511.0,13070000000.0,-0.19,1.0,1.0,0.0,0.0,1.0,positif
390,2023-08-14,691017.0,687998.0,691017.0,682375.0,13880000000.0,0.44,0.0,0.0,0.0,1.0,1.0,netral
391,2023-08-15,691510.0,691046.0,692863.0,689838.0,17280000000.0,0.07,0.0,0.0,0.0,1.0,0.0,netral
392,2023-08-16,690054.0,691510.0,691510.0,685589.0,15230000000.0,-0.21,0.0,0.0,0.0,1.0,0.0,netral
393,2023-08-18,685991.0,689983.0,689983.0,685638.0,13070000000.0,-0.59,0.795138955116272,1.0,0.0,0.0,1.0,positif
394,2023-08-21,686603.0,686005.0,689028.0,685942.0,20770000000.0,0.09,0.7418760657310486,1.0,0.0,0.0,1.0,positif
395,2023-08-22,691645.0,686603.0,692745.0,686069.0,15860000000.0,0.73,0.0,0.0,0.0,1.0,0.0,netral
396,2023-08-23,692141.0,691645.0,695943.0,691645.0,17070000000.0,0.07,-0.30757108330726624,0.0,0.5,0.5,2.0,negatif
397,2023-08-24,689939.0,692141.0,693765.0,689839.0,14280000000.0,-0.32,0.0,0.0,0.0,1.0,0.0,netral
398,2023-08-25,689544.0,689939.0,690608.0,686963.0,13000000000.0,-0.06,0.0,0.0,0.0,1.0,0.0,netral
399,2023-08-28,692173.0,689587.0,694012.0,689587.0,18550000000.0,0.38,0.0,0.0,0.0,1.0,1.0,netral
400,2023-08-29,695783.0,692173.0,696473.0,692173.0,24430000000.0,0.52,0.37012723088264465,0.5,0.0,0.5,2.0,positif
401,2023-08-30,696666.0,695826.0,700849.0,695826.0,15930000000.0,0.13,0.0,0.0,0.0,1.0,1.0,netral
402,2023-08-31,695326.0,696666.0,698235.0,692423.0,23310000000.0,-0.19,0.9878052771091461,1.0,0.0,0.0,1.0,positif
403,2023-09-01,697765.0,695326.0,699263.0,695026.0,14580000000.0,0.35,0.0,0.0,0.0,1.0,1.0,netral
404,2023-09-04,699675.0,697780.0,700780.0,697482.0,15460000000.0,0.27,0.0,0.0,0.0,1.0,1.0,netral
405,2023-09-05,699171.0,699675.0,701448.0,697263.0,18320000000.0,-0.07,0.0,0.0,0.0,1.0,0.0,netral
406,2023-09-06,699595.0,699171.0,702097.0,698979.0,16540000000.0,0.06,0.0,0.0,0.0,1.0,1.0,netral
407,2023-09-07,695481.0,699610.0,700367.0,692742.0,19120000000.0,-0.59,0.9565178751945496,1.0,0.0,0.0,2.0,positif
408,2023-09-08,692478.0,695481.0,696677.0,690059.0,14040000000.0,-0.43,0.0,0.0,0.0,1.0,0.0,netral
409,2023-09-11,696339.0,692478.0,696339.0,690436.0,17410000000.0,0.56,0.0,0.0,0.0,1.0,0.0,netral
410,2023-09-12,693397.0,696339.0,697648.0,692823.0,17470000000.0,-0.42,0.0,0.0,0.0,1.0,0.0,netral
411,2023-09-13,693548.0,693411.0,694482.0,690323.0,16390000000.0,0.02,0.37406793236732483,0.5,0.0,0.5,2.0,positif
412,2023-09-14,695933.0,693533.0,696898.0,692768.0,17180000000.0,0.34,0.0,0.0,0.0,1.0,1.0,netral
413,2023-09-15,698279.0,695919.0,701188.0,694507.0,34690000000.0,0.34,0.0,0.0,0.0,1.0,0.0,netral
414,2023-09-18,693608.0,698279.0,699940.0,692877.0,15380000000.0,-0.67,0.4892289936542511,0.5,0.0,0.5,2.0,positif
415,2023-09-19,698032.0,693637.0,699404.0,693471.0,13540000000.0,0.64,0.0,0.0,0.0,1.0,2.0,netral
416,2023-09-20,701168.0,698032.0,704648.0,698032.0,14660000000.0,0.45,0.0,0.0,0.0,1.0,1.0,netral
417,2023-09-21,699147.0,701168.0,702129.0,697401.0,13800000000.0,-0.29,0.0,0.0,0.0,1.0,0.0,netral
418,2023-09-22,701684.0,699147.0,704013.0,698596.0,15570000000.0,0.36,0.0,0.0,0.0,1.0,0.0,netral
419,2023-09-25,699838.0,701698.0,702977.0,699444.0,18300000000.0,-0.26,0.0,0.0,0.0,1.0,1.0,netral
420,2023-09-26,692380.0,699810.0,701955.0,691382.0,22250000000.0,-1.07,-0.3333333333333333,0.0,0.3333333333333333,0.6666666666666666,3.0,netral
421,2023-09-27,693783.0,692380.0,697085.0,691335.0,15490000000.0,0.2,0.0,0.0,0.0,1.0,1.0,netral
422,2023-09-29,693989.0,693783.0,697859.0,693783.0,16570000000.0,0.03,0.7453638911247253,1.0,0.0,0.0,1.0,positif
423,2023-10-02,696146.0,693989.0,698458.0,693961.0,15790000000.0,0.31,0.0,0.0,0.0,1.0,0.0,netral
424,2023-10-03,694089.0,696146.0,699263.0,694089.0,16770000000.0,-0.3,0.0,0.0,0.0,1.0,1.0,netral
425,2023-10-04,688658.0,694089.0,694327.0,683986.0,19610000000.0,-0.78,0.5,0.5,0.0,0.5,2.0,positif
426,2023-10-05,687483.0,688699.0,693480.0,687483.0,16800000000.0,-0.17,0.8256818950176239,1.0,0.0,0.0,2.0,positif
427,2023-10-06,688852.0,687510.0,691301.0,687510.0,14230000000.0,0.2,1.0,1.0,0.0,0.0,1.0,positif
428,2023-10-09,689146.0,688852.0,692997.0,688054.0,13970000000.0,0.04,0.0,0.0,0.0,1.0,0.0,netral
429,2023-10-10,692219.0,689146.0,695401.0,689146.0,12370000000.0,0.45,0.0,0.0,0.0,1.0,0.0,netral
430,2023-10-11,693175.0,692219.0,696583.0,691472.0,17810000000.0,0.14,0.0,0.0,0.0,1.0,0.0,netral
431,2023-10-12,693515.0,693189.0,698688.0,693189.0,21880000000.0,0.05,0.0,0.0,0.0,1.0,0.0,netral
432,2023-10-13,692678.0,693488.0,697375.0,690206.0,21630000000.0,-0.12,0.0,0.0,0.0,1.0,1.0,netral
433,2023-10-16,689629.0,692692.0,697060.0,687826.0,34160000000.0,-0.44,1.0,1.0,0.0,0.0,1.0,positif
434,2023-10-17,693962.0,689629.0,694804.0,689223.0,17690000000.0,0.63,0.0,0.0,0.0,1.0,2.0,netral
435,2023-10-18,692791.0,693962.0,696825.0,690829.0,18750000000.0,-0.17,0.0,0.0,0.0,1.0,0.0,netral
436,2023-10-19,684643.0,692763.0,692798.0,684037.0,20590000000.0,-1.18,1.0,1.0,0.0,0.0,1.0,positif
437,2023-10-20,684917.0,684643.0,686947.0,680319.0,19410000000.0,0.04,1.0,1.0,0.0,0.0,1.0,positif
438,2023-10-23,674196.0,684917.0,685345.0,673088.0,16850000000.000002,-1.57,0.8611695170402527,1.0,0.0,0.0,3.0,positif
439,2023-10-24,680676.0,674183.0,682605.0,673853.0,14150000000.0,0.96,-1.0,0.0,1.0,0.0,1.0,negatif
440,2023-10-25,683439.0,680690.0,687856.0,680690.0,15380000000.0,0.41,0.0,0.0,0.0,1.0,0.0,netral
441,2023-10-26,671452.0,683398.0,683881.0,670452.0,16829999999.999998,-1.75,0.5,0.5,0.0,0.5,2.0,positif
442,2023-10-27,675879.0,671452.0,678139.0,671394.0,16309999999.999998,0.66,0.0,0.0,0.0,1.0,1.0,netral
443,2023-10-30,673589.0,675866.0,677521.0,669278.0,15780000000.0,-0.34,0.3309682806332906,0.3333333333333333,0.0,0.6666666666666666,3.0,netral
444,2023-10-31,675221.0,673589.0,675452.0,666641.0,19550000000.0,0.24,0.0,0.0,0.0,1.0,0.0,netral
445,2023-11-01,664242.0,675194.0,677398.0,663982.0,20660000000.0,-1.63,0.3333333333333333,0.3333333333333333,0.0,0.6666666666666666,3.0,netral
446,2023-11-02,675139.0,664269.0,678500.0,664269.0,22120000000.0,1.64,0.0,0.0,0.0,1.0,2.0,netral
447,2023-11-03,678885.0,675139.0,682662.0,674870.0,23170000000.0,0.55,0.0,0.0,0.0,1.0,0.0,netral
448,2023-11-06,687884.0,678885.0,687884.0,678723.0,22880000000.0,1.33,0.0,0.0,0.0,1.0,0.0,netral
449,2023-11-07,684379.0,687884.0,688702.0,680688.0,19310000000.0,-0.51,-0.001528302828470866,0.3333333333333333,0.3333333333333333,0.3333333333333333,3.0,netral
450,2023-11-08,680411.0,684365.0,684392.0,676010.0,15140000000.0,-0.58,0.26614910364151,0.5,0.0,0.5,2.0,positif
451,2023-11-09,683823.0,680411.0,686508.0,679376.0,12050000000.0,0.5,0.0,0.0,0.0,1.0,1.0,netral
452,2023-11-10,680926.0,683823.0,684396.0,680192.0,13360000000.0,-0.42,0.0,0.0,0.0,1.0,0.0,netral
453,2023-11-13,683831.0,680926.0,685710.0,680926.0,18760000000.0,0.43,0.0,0.0,0.0,1.0,0.0,netral
454,2023-11-14,686206.0,683804.0,688681.0,682995.0,15260000000.0,0.35,0.0,0.0,0.0,1.0,0.0,netral
455,2023-11-15,695821.0,686233.0,698559.0,686233.0,18180000000.0,1.4,-1.0,0.0,1.0,0.0,2.0,negatif
456,2023-11-16,695801.0,695834.0,696417.0,690659.0,12290000000.0,0.0,0.6114865422248841,0.8,0.0,0.2,5.0,positif
457,2023-11-17,697767.0,695815.0,697767.0,691963.0,12290000000.0,0.28,0.0,0.5,0.5,0.0,2.0,netral
458,2023-11-20,699489.0,697767.0,701106.0,696275.0,15050000000.0,0.25,0.0,0.0,0.0,1.0,0.0,netral
459,2023-11-21,696179.0,699489.0,701098.0,694696.0,16059999999.999998,-0.47,0.7657288014888763,1.0,0.0,0.0,2.0,positif
460,2023-11-22,690695.0,696179.0,696541.0,689351.0,18190000000.0,-0.79,0.6666666666666666,0.6666666666666666,0.0,0.3333333333333333,3.0,positif
461,2023-11-23,700434.0,690709.0,701843.0,690661.0,21910000000.0,1.41,1.0,1.0,0.0,0.0,1.0,positif
462,2023-11-24,700963.0,700448.0,704954.0,700010.0,18110000000.0,0.08,0.0,0.0,0.0,1.0,0.0,netral
463,2023-11-27,701341.0,700963.0,706183.0,700881.0,16350000000.000002,0.05,0.5,0.5,0.0,0.5,2.0,positif
464,2023-11-28,704107.0,701341.0,706714.0,701083.0,16760000000.000002,0.39,0.29728102684020996,0.5,0.0,0.5,2.0,positif
465,2023-11-29,703609.0,704107.0,707019.0,702001.0,16760000000.000002,-0.07,0.0,0.0,0.0,1.0,0.0,netral
466,2023-11-30,708074.0,703609.0,710961.0,703609.0,25970000000.0,0.63,0.0,0.0,0.0,1.0,2.0,netral
467,2023-12-01,705991.0,708006.0,708386.0,702277.0,26600000000.0,-0.29,0.0,0.0,0.0,1.0,2.0,netral
468,2023-12-04,709360.0,706004.0,714924.0,706004.0,30840000000.0,0.48,0.0,0.0,0.0,1.0,0.0,netral
469,2023-12-05,710085.0,709306.0,711758.0,704763.0,31960000000.0,0.1,1.0,1.0,0.0,0.0,1.0,positif
470,2023-12-06,708740.0,710085.0,714016.0,708581.0,27280000000.0,-0.19,0.0,0.0,0.0,1.0,0.0,netral
471,2023-12-07,713462.0,708740.0,713462.0,704101.0,23520000000.0,0.67,0.0,0.0,0.0,1.0,0.0,netral
472,2023-12-08,715960.0,713462.0,720163.0,712304.0,27000000000.0,0.35,0.5,0.5,0.0,0.5,2.0,positif
473,2023-12-11,708879.0,713928.0,715312.0,704517.0,49010000000.0,-0.99,0.0,0.0,0.0,1.0,0.0,netral
474,2023-12-12,712531.0,710497.0,713422.0,708288.0,25510000000.0,0.52,-0.8799952268600464,0.0,1.0,0.0,1.0,negatif
475,2023-12-13,707534.0,711008.0,712448.0,704594.0,18280000000.0,-0.7,0.3768937885761261,0.5,0.0,0.5,2.0,positif
476,2023-12-14,717602.0,713404.0,719116.0,711545.0,22860000000.0,1.42,-0.05784855286280314,0.3333333333333333,0.3333333333333333,0.3333333333333333,3.0,netral
477,2023-12-15,719099.0,718315.0,721594.0,716943.0,20790000000.0,0.21,0.0,0.0,0.0,1.0,0.0,netral
478,2023-12-18,711952.0,718143.0,719289.0,709203.0,23950000000.0,-0.99,0.0,0.0,0.0,1.0,1.0,netral
479,2023-12-19,718785.0,711655.0,718785.0,711282.0,15540000000.0,0.96,0.8455645143985748,1.0,0.0,0.0,2.0,positif
480,2023-12-20,721967.0,720718.0,723797.0,719624.0,14230000000.0,0.44,0.0,0.0,0.0,1.0,0.0,netral
481,2023-12-21,720962.0,722209.0,722929.0,717301.0,14430000000.0,-0.14,0.0,0.0,0.0,1.0,0.0,netral
482,2023-12-22,723752.0,722562.0,724855.0,721817.0,11130000000.0,0.39,0.0,0.0,0.0,1.0,0.0,netral
484,2023-12-27,724592.0,725616.0,729352.0,723966.0,12500000000.0,0.12,0.26946863532066345,0.5,0.0,0.5,2.0,positif
485,2023-12-28,730389.0,726657.0,730821.0,726225.0,12300000000.0,0.8,0.0,0.0,0.0,1.0,0.0,netral
486,2023-12-29,727280.0,730711.0,730978.0,725968.0,12320000000.0,-0.43,0.48597612977027893,0.5,0.0,0.5,2.0,positif
487,2024-01-02,732359.0,726840.0,732359.0,724557.0,12140000000.0,0.7,0.5,0.5,0.0,0.5,2.0,positif
488,2024-01-03,727909.0,731611.0,732188.0,727587.0,15950000000.0,-0.61,1.0,1.0,0.0,0.0,2.0,positif
489,2024-01-04,735976.0,729006.0,737123.0,728041.0,15570000000.0,1.11,0.0,0.0,0.0,1.0,0.0,netral
490,2024-01-05,735062.0,737629.0,740358.0,735062.0,16309999999.999998,-0.12,-0.5,0.0,0.5,0.5,2.0,negatif
491,2024-01-08,728358.0,736205.0,739313.0,727517.0,14060000000.0,-0.91,1.0,1.0,0.0,0.0,3.0,positif
492,2024-01-09,720020.0,729978.0,731164.0,718016.0,15260000000.0,-1.14,0.0,0.0,0.0,1.0,2.0,netral
493,2024-01-10,722730.0,718758.0,725960.0,715288.0,15270000000.0,0.38,0.0,0.0,0.0,1.0,0.0,netral
494,2024-01-11,721996.0,725346.0,727750.0,721996.0,19050000000.0,-0.1,-0.0728364884853363,0.5,0.5,0.0,2.0,netral
495,2024-01-12,724114.0,724237.0,727187.0,720576.0,15220000000.0,0.29,0.7230302691459656,1.0,0.0,0.0,1.0,positif
496,2024-01-15,722400.0,725404.0,728126.0,720631.0,13300000000.0,-0.24,0.0,0.0,0.0,1.0,0.0,netral
497,2024-01-16,724279.0,723164.0,726818.0,721003.0,13030000000.0,0.26,0.28199902176856995,0.5,0.5,0.0,2.0,netral
498,2024-01-17,720063.0,724801.0,725246.0,716248.0,20210000000.0,-0.58,0.0,0.0,0.0,1.0,2.0,netral
499,2024-01-18,725297.0,719885.0,726708.0,718538.0,15890000000.0,0.73,1.0,1.0,0.0,0.0,2.0,positif
500,2024-01-19,722740.0,727134.0,727798.0,717081.0,13740000000.0,-0.35,0.0,0.0,0.0,1.0,0.0,netral
501,2024-01-22,724793.0,723317.0,724793.0,719495.0,14170000000.0,0.28,0.0,0.0,0.0,1.0,0.0,netral
502,2024-01-23,725623.0,723252.0,725623.0,720183.0,13260000000.0,0.11,-1.0,0.0,1.0,0.0,1.0,negatif
503,2024-01-24,722782.0,725577.0,727196.0,717030.0,12890000000.0,-0.39,0.0,0.0,0.0,1.0,1.0,netral
504,2024-01-25,717804.0,721553.0,725372.0,717611.0,13040000000.0,-0.69,-1.0,0.0,1.0,0.0,1.0,negatif
505,2024-01-26,713709.0,715227.0,716669.0,709908.0,14020000000.0,-0.57,0.0,0.0,0.0,1.0,0.0,netral
506,2024-01-29,715717.0,714771.0,717770.0,711504.0,16040000000.0,0.28,0.0,0.0,0.0,1.0,0.0,netral
507,2024-01-30,719222.0,714724.0,721319.0,713361.0,18220000000.0,0.49,0.0,0.0,0.0,1.0,0.0,netral
508,2024-01-31,720794.0,721331.0,724752.0,719264.0,17030000000.000002,0.22,0.0,0.25,0.25,0.5,4.0,netral
509,2024-02-01,720170.0,722185.0,724853.0,719169.0,15740000000.0,-0.09,-1.0,0.0,1.0,0.0,1.0,negatif
510,2024-02-02,723879.0,722190.0,723879.0,718036.0,11440000000.0,0.52,0.5,0.5,0.0,0.5,2.0,positif
511,2024-02-05,719862.0,723733.0,725409.0,718617.0,13730000000.0,-0.55,0.0,0.0,0.0,1.0,1.0,netral
512,2024-02-06,724741.0,723015.0,726813.0,721214.0,13800000000.0,0.68,0.6827986538410187,0.75,0.0,0.25,4.0,positif
513,2024-02-07,723515.0,726498.0,728513.0,722545.0,13810000000.0,-0.17,0.9572050422430038,1.0,0.0,0.0,2.0,positif
514,2024-02-12,729767.0,726833.0,730616.0,725031.0,17870000000.0,0.86,0.5,0.5,0.0,0.5,2.0,positif
515,2024-02-13,720974.0,730159.0,730159.0,719783.0,12830000000.0,-1.2,0.37971357504526776,0.6666666666666666,0.3333333333333333,0.0,3.0,positif
516,2024-02-15,730328.0,733763.0,736568.0,729848.0,18440000000.0,1.3,0.0,0.0,0.0,1.0,0.0,netral
517,2024-02-16,733554.0,733782.0,737057.0,731488.0,14640000000.0,0.44,1.0,1.0,0.0,0.0,1.0,positif
518,2024-02-19,729670.0,732331.0,733976.0,727754.0,15120000000.0,-0.53,-0.3333333333333333,0.0,0.3333333333333333,0.6666666666666666,3.0,netral
519,2024-02-20,735260.0,732072.0,735411.0,730950.0,13000000000.0,0.77,0.0,0.0,0.0,1.0,1.0,netral
520,2024-02-21,734902.0,734579.0,737088.0,728667.0,15260000000.0,-0.05,0.0,0.0,0.0,1.0,0.0,netral
521,2024-02-22,733964.0,733495.0,736576.0,732152.0,15450000000.0,-0.13,0.0,0.0,0.0,1.0,0.0,netral
522,2024-02-23,729510.0,732653.0,734019.0,726210.0,14630000000.0,-0.61,0.0,0.0,0.0,1.0,0.0,netral
523,2024-02-26,728382.0,727764.0,729514.0,725228.0,14710000000.0,-0.15,0.0,0.0,0.0,1.0,2.0,netral
524,2024-02-27,728532.0,726399.0,729293.0,725512.0,18390000000.0,0.02,0.0,0.0,0.0,1.0,1.0,netral
525,2024-02-28,732864.0,729208.0,732874.0,728926.0,22040000000.0,0.59,0.0,0.0,0.0,1.0,0.0,netral
526,2024-02-29,731611.0,732680.0,733792.0,728934.0,23010000000.0,-0.17,0.0,0.0,0.0,1.0,0.0,netral
527,2024-03-01,731191.0,731867.0,733132.0,726989.0,13460000000.0,-0.06,0.5002030611038208,0.6,0.0,0.4,5.0,positif
528,2024-03-04,727675.0,731883.0,732838.0,725978.0,16809999999.999998,-0.48,0.29930706024169923,0.4,0.0,0.6,5.0,netral
529,2024-03-05,724746.0,729653.0,730545.0,723834.0,15280000000.0,-0.4,0.0,0.0,0.0,1.0,1.0,netral
530,2024-03-06,732980.0,725208.0,733108.0,724853.0,18030000000.0,1.14,-0.5,0.0,0.5,0.5,2.0,negatif
531,2024-03-07,737396.0,733873.0,738687.0,733431.0,19330000000.0,0.6,0.5503561496734619,1.0,0.0,0.0,1.0,positif
532,2024-03-08,738191.0,739843.0,741643.0,737616.0,12520000000.0,0.11,0.0,0.0,0.0,1.0,1.0,netral
533,2024-03-13,742121.0,742230.0,744162.0,739201.0,13520000000.0,0.53,0.5,0.5,0.0,0.5,2.0,positif
534,2024-03-14,743331.0,740557.0,745445.0,738065.0,12920000000.0,0.16,1.0,1.0,0.0,0.0,1.0,positif
535,2024-03-15,732805.0,740866.0,741634.0,730804.0,23150000000.0,-1.42,1.0,1.0,0.0,0.0,1.0,positif
536,2024-03-18,730245.0,733808.0,735855.0,730094.0,15530000000.0,-0.35,0.0,0.0,0.0,1.0,0.0,netral
537,2024-03-19,733675.0,732054.0,736153.0,731418.0,13760000000.0,0.47,0.0,0.0,0.0,1.0,1.0,netral
538,2024-03-20,733113.0,730393.0,734346.0,729535.0,16969999999.999998,-0.08,-1.0,0.0,1.0,0.0,1.0,negatif
539,2024-03-21,733835.0,736056.0,739647.0,733660.0,13980000000.0,0.1,-0.00633905827999115,0.5,0.5,0.0,2.0,netral
540,2024-03-22,735015.0,732751.0,735015.0,731844.0,12370000000.0,0.16,1.0,1.0,0.0,0.0,1.0,positif
541,2024-03-25,737776.0,733952.0,737776.0,731693.0,12430000000.0,0.38,0.0,0.0,0.0,1.0,1.0,netral
542,2024-03-26,736566.0,733766.0,737184.0,733046.0,13840000000.0,-0.16,0.6773262917995453,0.75,0.0,0.25,4.0,positif
543,2024-03-27,731009.0,736423.0,737540.0,729280.0,12530000000.0,-0.75,0.0,0.0,0.0,1.0,1.0,netral
544,2024-03-28,728881.0,728916.0,731301.0,724495.0,12410000000.0,-0.29,0.42068809270858765,0.5,0.0,0.5,2.0,positif
545,2024-04-01,720506.0,728611.0,729500.0,713746.0,12430000000.0,-1.15,0.31500495672225953,0.4,0.0,0.6,5.0,netral
546,2024-04-02,723698.0,719912.0,723698.0,715394.0,12770000000.0,0.44,0.5287674069404602,1.0,0.0,0.0,1.0,positif
547,2024-04-03,716684.0,721402.0,722635.0,715874.0,11100000000.0,-0.97,-0.13455824057261148,0.0,0.3333333333333333,0.6666666666666666,3.0,netral
548,2024-04-04,725440.0,717072.0,725440.0,716583.0,10890000000.0,1.22,0.0,0.0,0.0,1.0,1.0,netral
549,2024-04-05,728688.0,724532.0,729886.0,723927.0,9490000000.0,0.45,0.0,0.0,0.0,1.0,0.0,netral
550,2024-04-16,716481.0,713063.0,718809.0,706657.0,17560000000.0,-1.68,0.0,0.0,0.0,1.0,0.0,netral
551,2024-04-17,713084.0,719983.0,723437.0,713084.0,14350000000.0,-0.47,0.0,0.0,0.0,1.0,1.0,netral
552,2024-04-18,716681.0,715174.0,718056.0,713552.0,12940000000.0,0.5,-1.0,0.0,1.0,0.0,1.0,negatif
553,2024-04-19,708732.0,713146.0,714158.0,703621.0,15070000000.0,-1.11,0.0,0.0,0.0,1.0,1.0,netral
554,2024-04-22,707382.0,709952.0,711702.0,702648.0,12160000000.0,-0.19,0.0,0.0,0.0,1.0,2.0,netral
555,2024-04-23,711081.0,710281.0,716595.0,709984.0,17290000000.0,0.52,1.0,1.0,0.0,0.0,1.0,positif
556,2024-04-24,717453.0,712705.0,719118.0,712685.0,15410000000.0,0.9,-0.3333333333333333,0.0,0.3333333333333333,0.6666666666666666,3.0,netral
557,2024-04-25,715529.0,716798.0,717706.0,713210.0,14040000000.0,-0.27,0.0,0.0,0.0,1.0,1.0,netral
558,2024-04-26,703608.0,713793.0,714925.0,703608.0,13760000000.0,-1.67,1.0,1.0,0.0,0.0,1.0,positif
559,2024-04-29,715578.0,702149.0,715578.0,702149.0,13000000000.0,1.7,-0.5,0.0,0.5,0.5,2.0,negatif
560,2024-04-30,723420.0,718741.0,726687.0,717969.0,15660000000.0,1.1,1.0,1.0,0.0,0.0,1.0,positif
562,2024-05-02,711742.0,722761.0,723295.0,707247.0,14560000000.0,-1.61,0.7759629487991333,1.0,0.0,0.0,2.0,positif
563,2024-05-03,713472.0,714286.0,716510.0,709462.0,15950000000.0,0.24,-0.3146616518497467,0.0,0.5,0.5,2.0,negatif
564,2024-05-06,713589.0,717159.0,717877.0,710269.0,16500000000.0,0.02,0.0,0.0,0.0,1.0,0.0,netral
565,2024-05-07,712361.0,713685.0,715977.0,710818.0,14850000000.0,-0.17,0.0,0.0,0.0,1.0,0.0,netral
566,2024-05-08,708879.0,712946.0,716431.0,707135.0,14790000000.0,-0.49,0.0,0.0,0.0,1.0,1.0,netral
567,2024-05-13,709926.0,706137.0,711160.0,705223.0,13460000000.0,0.15,0.0,0.0,0.0,1.0,2.0,netral
568,2024-05-14,708376.0,709552.0,713664.0,707150.0,13750000000.0,-0.22,0.14650375843048097,0.4,0.2,0.4,5.0,positif
569,2024-05-15,717983.0,708538.0,719215.0,708212.0,13990000000.0,1.36,0.7433339208364487,0.75,0.0,0.25,4.0,positif
570,2024-05-16,724670.0,720317.0,727076.0,720192.0,15470000000.0,0.93,1.0,1.0,0.0,0.0,1.0,positif
571,2024-05-17,731724.0,724973.0,735671.0,724520.0,18150000000.0,0.97,0.0,0.0,0.0,1.0,0.0,netral
572,2024-05-20,726669.0,732940.0,737455.0,724301.0,15810000000.0,-0.69,0.3523215651512146,0.5,0.0,0.5,2.0,positif
573,2024-05-21,718604.0,725841.0,729506.0,717953.0,13560000000.0,-1.11,0.0,0.0,0.0,1.0,1.0,netral
574,2024-05-22,722238.0,719819.0,723986.0,719111.0,13570000000.0,0.51,1.0,1.0,0.0,0.0,2.0,positif
575,2024-05-27,717642.0,721998.0,725618.0,717149.0,19090000000.0,-0.64,0.5,0.5,0.0,0.5,2.0,positif
576,2024-05-28,725363.0,722851.0,730814.0,722841.0,16640000000.0,1.08,0.0,0.0,0.0,1.0,0.0,netral
577,2024-05-29,714023.0,727553.0,728200.0,712721.0,14460000000.0,-1.56,0.6666666666666666,0.6666666666666666,0.0,0.3333333333333333,3.0,positif
578,2024-05-30,703414.0,712577.0,713471.0,698498.0,17770000000.0,-1.49,0.0,0.0,0.0,1.0,2.0,netral
579,2024-05-31,697074.0,707637.0,710222.0,695923.0,26970000000.0,-0.9,0.015828847885131836,0.5,0.5,0.0,2.0,netral
580,2024-06-03,703619.0,703021.0,708840.0,699309.0,14180000000.0,0.94,0.0,0.0,0.0,1.0,0.0,netral
581,2024-06-04,709931.0,707109.0,714919.0,706503.0,16070000000.0,0.9,0.0,0.0,0.0,1.0,1.0,netral
582,2024-06-05,694767.0,711454.0,711835.0,693494.0,13710000000.0,-2.14,0.0,0.0,0.0,1.0,0.0,netral
583,2024-06-06,697490.0,699256.0,703257.0,693955.0,13000000000.0,0.39,-0.3333333333333333,0.0,0.3333333333333333,0.6666666666666666,3.0,netral
584,2024-06-07,689795.0,698779.0,699412.0,688781.0,10990000000.0,-1.1,1.0,1.0,0.0,0.0,1.0,positif
585,2024-06-10,692155.0,691072.0,692910.0,684638.0,22840000000.0,0.34,0.0,0.0,0.0,1.0,0.0,netral
586,2024-06-11,685569.0,690031.0,693246.0,685569.0,15010000000.0,-0.95,-0.40815311670303345,0.0,0.5,0.5,2.0,negatif
587,2024-06-12,685010.0,685935.0,686627.0,682151.0,16510000000.000002,-0.08,0.0,0.0,0.0,1.0,1.0,netral
588,2024-06-13,683156.0,689384.0,689665.0,683156.0,15440000000.0,-0.27,0.5080419778823853,1.0,0.0,0.0,1.0,positif
589,2024-06-14,673483.0,682999.0,684020.0,671327.0,14380000000.0,-1.42,0.9098761677742004,1.0,0.0,0.0,3.0,positif
590,2024-06-19,672692.0,673990.0,679153.0,669885.0,21570000000.0,-0.12,0.0,0.0,0.0,1.0,2.0,netral
591,2024-06-20,681932.0,675124.0,682556.0,672840.0,13890000000.0,1.37,1.0,1.0,0.0,0.0,1.0,positif
592,2024-06-21,687998.0,683848.0,694583.0,682306.0,20220000000.0,0.89,-1.0,0.0,1.0,0.0,1.0,negatif
593,2024-06-24,688917.0,687747.0,691481.0,687031.0,11400000000.0,0.13,0.0,0.0,0.0,1.0,2.0,netral
594,2024-06-25,688270.0,687487.0,689044.0,684365.0,10360000000.0,-0.09,-0.3333333333333333,0.0,0.3333333333333333,0.6666666666666666,6.0,netral
595,2024-06-26,690564.0,688582.0,693626.0,688540.0,11180000000.0,0.33,0.0,0.0,0.0,1.0,1.0,netral
596,2024-06-27,696795.0,692915.0,696814.0,691583.0,8520000000.0,0.9,0.0,0.0,0.0,1.0,1.0,netral
597,2024-06-28,706358.0,698937.0,708462.0,698780.0,10470000000.0,1.37,0.0,0.0,0.0,1.0,1.0,netral
598,2024-07-01,713963.0,707663.0,713963.0,707538.0,10830000000.0,1.08,0.5,0.5,0.0,0.5,2.0,positif
599,2024-07-02,712514.0,714904.0,717687.0,709905.0,12190000000.0,-0.2,0.36528268456459045,0.5,0.0,0.5,2.0,positif
600,2024-07-03,719675.0,715377.0,719675.0,712681.0,12680000000.0,1.01,0.0,0.0,0.0,1.0,0.0,netral
601,2024-07-04,722089.0,721270.0,726284.0,720444.0,15860000000.0,0.34,-0.22063135355710983,0.0,0.25,0.75,4.0,netral
602,2024-07-05,725337.0,724872.0,727594.0,721339.0,13090000000.0,0.45,-0.30641626119613646,0.0,0.4,0.6,5.0,netral
603,2024-07-08,725098.0,726198.0,726508.0,721547.0,16010000000.000002,-0.03,0.0,0.0,0.0,1.0,1.0,netral
604,2024-07-09,726980.0,725416.0,730294.0,723964.0,13610000000.0,0.26,0.0,0.0,0.0,1.0,3.0,netral
605,2024-07-10,728704.0,728319.0,731320.0,727212.0,21430000000.0,0.24,0.0,0.0,0.0,1.0,0.0,netral
606,2024-07-11,730041.0,730250.0,732827.0,727406.0,14640000000.0,0.18,-0.3333333333333333,0.0,0.3333333333333333,0.6666666666666666,3.0,netral
607,2024-07-12,732758.0,733648.0,735416.0,730075.0,13070000000.0,0.37,-0.3333333333333333,0.0,0.3333333333333333,0.6666666666666666,3.0,netral
608,2024-07-15,727886.0,733631.0,734610.0,725281.0,10740000000.0,-0.66,-0.2934405207633972,0.0,0.3333333333333333,0.6666666666666666,3.0,netral
609,2024-07-16,722429.0,728981.0,729479.0,721328.0,10790000000.0,-0.75,0.0,0.0,0.0,1.0,0.0,netral
610,2024-07-17,722422.0,726122.0,726509.0,720758.0,21820000000.0,0.0,0.0,0.0,0.0,1.0,0.0,netral
611,2024-07-18,732107.0,723173.0,733081.0,722010.0,14620000000.0,1.34,0.0,0.0,0.0,1.0,0.0,netral
612,2024-07-19,729450.0,730428.0,731514.0,724982.0,12530000000.0,-0.36,0.0,0.0,0.0,1.0,0.0,netral
613,2024-07-22,732198.0,731625.0,734191.0,730142.0,14090000000.0,0.38,0.2,0.4,0.2,0.4,5.0,positif
614,2024-07-23,731386.0,733628.0,734702.0,729331.0,25170000000.0,-0.11,0.0,0.0,0.0,1.0,3.0,netral
615,2024-07-24,726276.0,729851.0,731115.0,724928.0,14930000000.0,-0.7,1.0,1.0,0.0,0.0,2.0,positif
616,2024-07-25,724028.0,726421.0,726805.0,720782.0,12590000000.0,-0.31,0.30929887294769287,0.5,0.0,0.5,2.0,positif
617,2024-07-26,728817.0,726213.0,729896.0,725653.0,12870000000.0,0.66,0.5,0.5,0.0,0.5,2.0,positif
618,2024-07-29,728890.0,730460.0,733390.0,727425.0,13190000000.0,0.01,1.0,1.0,0.0,0.0,1.0,positif
619,2024-07-30,724186.0,728392.0,729256.0,722678.0,12410000000.0,-0.65,0.0,0.0,0.0,1.0,0.0,netral
620,2024-07-31,725576.0,725180.0,727519.0,722650.0,14050000000.0,0.19,0.0,0.0,0.0,1.0,1.0,netral
621,2024-08-01,732598.0,727452.0,732598.0,725887.0,11900000000.0,0.97,1.0,1.0,0.0,0.0,1.0,positif
622,2024-08-02,730812.0,730409.0,733798.0,726401.0,13070000000.0,-0.24,-0.21625308692455292,0.25,0.5,0.25,4.0,negatif
623,2024-08-05,705965.0,725461.0,725748.0,699881.0,19600000000.0,-3.4,0.0,0.0,0.0,1.0,3.0,netral
624,2024-08-06,712921.0,709867.0,716726.0,706650.0,12250000000.0,0.99,-1.0,0.0,1.0,0.0,1.0,negatif
625,2024-08-07,721213.0,714951.0,724626.0,714729.0,12860000000.0,1.16,0.0,0.0,0.0,1.0,1.0,netral
626,2024-08-08,719512.0,721274.0,723445.0,718177.0,12520000000.0,-0.24,0.0,0.0,0.0,1.0,0.0,netral
627,2024-08-09,725700.0,721998.0,726742.0,721992.0,11270000000.0,0.86,0.0,0.0,0.0,1.0,0.0,netral
628,2024-08-12,729763.0,726515.0,729763.0,723079.0,15640000000.0,0.56,0.0,0.0,0.0,1.0,0.0,netral
629,2024-08-13,735664.0,731643.0,736665.0,728655.0,14610000000.0,0.81,0.8982862234115601,1.0,0.0,0.0,2.0,positif
630,2024-08-14,743604.0,737701.0,744566.0,737289.0,16809999999.999998,1.08,1.0,1.0,0.0,0.0,1.0,positif
631,2024-08-15,740950.0,744291.0,746039.0,738674.0,15040000000.0,-0.36,-0.6666666666666666,0.0,0.6666666666666666,0.3333333333333333,3.0,negatif
632,2024-08-16,743209.0,744394.0,745975.0,741721.0,15130000000.0,0.3,0.0,0.0,0.0,1.0,0.0,netral
633,2024-08-19,746683.0,742874.0,746683.0,742038.0,13870000000.0,0.47,0.0,0.5,0.5,0.0,2.0,netral
634,2024-08-20,753398.0,749032.0,753816.0,748250.0,18360000000.0,0.9,0.0,0.0,0.0,1.0,0.0,netral
635,2024-08-21,755459.0,756308.0,759455.0,754364.0,19990000000.0,0.27,0.0,0.3333333333333333,0.3333333333333333,0.3333333333333333,3.0,netral
636,2024-08-22,748868.0,753135.0,754027.0,746040.0,14070000000.0,-0.87,0.024461936950683594,0.2,0.2,0.6,5.0,netral
637,2024-08-23,754430.0,751066.0,756751.0,750774.0,12880000000.0,0.74,0.0,0.0,0.0,1.0,1.0,netral
638,2024-08-26,760619.0,754941.0,761990.0,754941.0,14210000000.0,0.82,0.0,0.0,0.0,1.0,0.0,netral
639,2024-08-27,759788.0,759846.0,761020.0,754726.0,14120000000.0,-0.11,0.0,0.0,0.0,1.0,0.0,netral
640,2024-08-28,765888.0,760433.0,767229.0,758105.0,15200000000.0,0.8,0.0,0.0,0.0,1.0,0.0,netral
641,2024-08-29,762760.0,767953.0,771576.0,762760.0,15390000000.0,-0.41,0.0,0.0,0.0,1.0,0.0,netral
642,2024-08-30,767073.0,764278.0,767318.0,761635.0,19450000000.0,0.57,0.0,0.0,0.0,1.0,0.0,netral
643,2024-09-02,769453.0,768654.0,772619.0,766992.0,15620000000.0,0.31,1.0,1.0,0.0,0.0,1.0,positif
644,2024-09-03,761652.0,770665.0,772666.0,759847.0,16570000000.0,-1.01,1.0,1.0,0.0,0.0,1.0,positif
645,2024-09-04,767290.0,757710.0,767290.0,754605.0,14760000000.0,0.74,0.0,0.0,0.0,1.0,0.0,netral
646,2024-09-05,768104.0,767965.0,772223.0,765080.0,13770000000.0,0.11,0.0,0.0,0.0,1.0,0.0,netral
647,2024-09-06,772185.0,768481.0,775448.0,768370.0,12270000000.0,0.53,1.0,1.0,0.0,0.0,1.0,positif
648,2024-09-09,770274.0,772925.0,774833.0,765473.0,13850000000.0,-0.25,0.0,0.0,0.0,1.0,0.0,netral
649,2024-09-10,776139.0,772528.0,776478.0,772330.0,19650000000.0,0.76,0.0,0.0,0.0,1.0,0.0,netral
650,2024-09-11,776096.0,777027.0,780248.0,773678.0,17190000000.0,-0.01,0.0,0.0,0.0,1.0,0.0,netral
651,2024-09-12,779815.0,778202.0,783327.0,778202.0,25270000000.0,0.48,0.5,0.5,0.0,0.5,2.0,positif
652,2024-09-13,781213.0,780569.0,782897.0,777564.0,16250000000.0,0.18,0.5,0.5,0.0,0.5,2.0,positif
653,2024-09-17,783178.0,783252.0,785402.0,780227.0,21610000000.0,0.25,0.8346709609031677,1.0,0.0,0.0,2.0,positif
654,2024-09-18,782913.0,784581.0,787904.0,781896.0,24180000000.0,-0.03,1.0,1.0,0.0,0.0,1.0,positif
655,2024-09-19,790539.0,785811.0,791056.0,785335.0,25950000000.0,0.97,1.0,1.0,0.0,0.0,1.0,positif
656,2024-09-20,774300.0,790440.0,790451.0,773832.0,31770000000.0,-2.05,0.3321165442466736,0.5,0.0,0.5,2.0,positif
657,2024-09-23,777573.0,774320.0,777573.0,767529.0,26020000000.0,0.42,0.0,0.0,0.0,1.0,0.0,netral
658,2024-09-24,777849.0,777456.0,781054.0,771784.0,18280000000.0,0.04,1.0,1.0,0.0,0.0,3.0,positif
659,2024-09-25,774090.0,774785.0,776088.0,763345.0,27670000000.0,-0.48,-1.0,0.0,1.0,0.0,1.0,negatif
660,2024-09-26,774452.0,772310.0,776308.0,767305.0,20280000000.0,0.05,0.10931167006492615,0.5,0.5,0.0,2.0,netral
661,2024-09-27,769692.0,771380.0,773692.0,766348.0,19050000000.0,-0.61,0.5,0.5,0.0,0.5,2.0,positif
662,2024-09-30,752793.0,767429.0,767924.0,752793.0,22220000000.0,-2.2,1.0,1.0,0.0,0.0,2.0,positif
663,2024-10-01,764213.0,755146.0,764213.0,754711.0,20700000000.0,1.52,0.5,0.5,0.0,0.5,2.0,positif
664,2024-10-02,756326.0,760174.0,761910.0,750146.0,31530000000.0,-1.03,0.75,0.75,0.0,0.25,4.0,positif
665,2024-10-03,754383.0,756745.0,758133.0,750441.0,18940000000.0,-0.26,0.0,0.5,0.5,0.0,2.0,netral
666,2024-10-04,749609.0,753179.0,754923.0,746780.0,22390000000.0,-0.63,0.0,0.0,0.0,1.0,0.0,netral
667,2024-10-07,750413.0,749366.0,754024.0,745020.0,23580000000.0,0.11,0.0,0.0,0.0,1.0,0.0,netral
668,2024-10-08,755714.0,748672.0,759288.0,744948.0,19480000000.0,0.71,-1.0,0.0,1.0,0.0,1.0,negatif
669,2024-10-09,750129.0,755656.0,759558.0,750122.0,16920000000.000002,-0.74,0.0,0.0,0.0,1.0,0.0,netral
670,2024-10-10,748008.0,750187.0,752895.0,746782.0,15800000000.0,-0.28,-1.0,0.0,1.0,0.0,1.0,negatif
671,2024-10-11,752060.0,752053.0,754954.0,750628.0,15950000000.0,0.54,0.21631850798924765,0.6666666666666666,0.3333333333333333,0.0,3.0,positif
672,2024-10-14,755965.0,751881.0,757027.0,751881.0,20590000000.0,0.52,0.0,0.0,0.0,1.0,0.0,netral
673,2024-10-15,762695.0,757905.0,763504.0,757345.0,21870000000.0,0.89,0.0,0.0,0.0,1.0,0.0,netral
674,2024-10-16,764894.0,764521.0,765840.0,761660.0,19740000000.0,0.29,0.48670947551727295,0.5,0.0,0.5,2.0,positif
675,2024-10-17,773504.0,766107.0,775867.0,765772.0,22460000000.0,1.13,0.0,0.0,0.0,1.0,0.0,netral
676,2024-10-18,776006.0,776215.0,779071.0,771868.0,23430000000.0,0.32,-0.4547722637653351,0.0,1.0,0.0,1.0,negatif
677,2024-10-21,777260.0,778025.0,779509.0,773989.0,24690000000.0,0.16,-0.8433457016944885,0.0,1.0,0.0,1.0,negatif
678,2024-10-22,778898.0,775238.0,780140.0,773196.0,28680000000.0,0.21,0.0,0.0,0.0,1.0,0.0,netral
679,2024-10-23,778756.0,777401.0,780592.0,776125.0,26970000000.0,-0.02,1.0,1.0,0.0,0.0,1.0,positif
680,2024-10-24,771655.0,777866.0,779486.0,771655.0,24290000000.0,-0.91,1.0,1.0,0.0,0.0,1.0,positif
681,2024-10-25,769466.0,771743.0,775225.0,767818.0,20580000000.0,-0.28,0.0,0.0,0.0,1.0,0.0,netral
682,2024-10-28,763463.0,770587.0,771474.0,759962.0,19720000000.0,-0.78,0.0,0.0,0.0,1.0,1.0,netral
683,2024-10-29,760660.0,762547.0,766643.0,758721.0,18280000000.0,-0.37,-0.3347477912902832,0.0,0.5,0.5,2.0,negatif
684,2024-10-30,756985.0,755880.0,758191.0,752173.0,16820000000.0,-0.48,1.0,1.0,0.0,0.0,1.0,positif
685,2024-10-31,757402.0,756972.0,761736.0,755868.0,20330000000.0,0.06,0.0,0.0,0.0,1.0,0.0,netral
686,2024-11-01,750526.0,757379.0,758369.0,748546.0,15530000000.0,-0.91,0.39705973863601685,0.4,0.0,0.6,5.0,netral
687,2024-11-04,747950.0,750511.0,752970.0,741581.0,21230000000.0,-0.34,0.0,0.0,0.0,1.0,0.0,netral
688,2024-11-05,749193.0,747445.0,749700.0,745155.0,18270000000.0,0.17,0.0,0.0,0.0,1.0,1.0,netral
689,2024-11-06,738387.0,749513.0,750660.0,736303.0,23580000000.0,-1.44,1.0,1.0,0.0,0.0,1.0,positif
690,2024-11-07,724386.0,737357.0,738176.0,724386.0,20410000000.0,-1.9,-0.9093847572803497,0.0,1.0,0.0,1.0,negatif
691,2024-11-08,728719.0,726396.0,735036.0,726396.0,14890000000.0,0.6,0.19081212083498636,0.3333333333333333,0.3333333333333333,0.3333333333333333,3.0,netral
692,2024-11-11,726646.0,725929.0,728220.0,718231.0,22100000000.0,-0.28,0.0,0.0,0.0,1.0,0.0,netral
693,2024-11-12,732199.0,727117.0,734407.0,726861.0,28770000000.0,0.76,1.0,1.0,0.0,0.0,1.0,positif
694,2024-11-13,730867.0,734401.0,737039.0,730487.0,22630000000.0,-0.18,0.5651501417160034,1.0,0.0,0.0,1.0,positif
695,2024-11-14,721456.0,730390.0,731878.0,721456.0,20940000000.0,-1.29,0.5751338601112366,0.6666666666666666,0.0,0.3333333333333333,3.0,positif
696,2024-11-15,716126.0,719221.0,724166.0,712268.0,21310000000.0,-0.74,-0.02324666976928711,0.2,0.2,0.6,5.0,netral
697,2024-11-18,713428.0,715208.0,717475.0,711887.0,19170000000.0,-0.38,0.6294713616371155,0.6666666666666666,0.0,0.3333333333333333,3.0,positif
698,2024-11-19,719571.0,714019.0,722983.0,713669.0,20510000000.0,0.86,1.0,1.0,0.0,0.0,1.0,positif
699,2024-11-20,718033.0,721400.0,722971.0,717127.0,16410000000.0,-0.21,0.0,0.0,0.0,1.0,1.0,netral
700,2024-11-21,714091.0,716833.0,720936.0,714091.0,15570000000.0,-0.55,0.0,0.0,0.0,1.0,2.0,netral
701,2024-11-22,719556.0,715468.0,721569.0,715445.0,20580000000.0,0.77,0.8350233435630798,1.0,0.0,0.0,1.0,positif
702,2024-11-25,731411.0,721895.0,732949.0,721883.0,26480000000.0,1.65,0.5,0.5,0.0,0.5,2.0,positif
703,2024-11-26,724589.0,732953.0,734160.0,724589.0,16410000000.0,-0.93,0.0,0.0,0.0,1.0,0.0,netral
704,2024-11-28,720016.0,721591.0,724969.0,719567.0,17900000000.0,-0.63,1.0,1.0,0.0,0.0,1.0,positif
705,2024-11-29,711427.0,716800.0,718913.0,710728.0,21840000000.0,-1.19,0.0,0.25,0.25,0.5,4.0,netral
706,2024-12-02,704699.0,711775.0,715303.0,704134.0,16390000000.0,-0.95,0.3333333333333333,0.3333333333333333,0.0,0.6666666666666666,3.0,netral
707,2024-12-03,719602.0,710493.0,719602.0,710222.0,17630000000.0,2.11,0.0,0.0,0.0,1.0,0.0,netral
708,2024-12-04,732676.0,719810.0,732832.0,718748.0,16640000000.0,1.82,1.0,1.0,0.0,0.0,1.0,positif
709,2024-12-05,731331.0,732602.0,733860.0,728350.0,13140000000.0,-0.18,1.0,1.0,0.0,0.0,1.0,positif
710,2024-12-06,738279.0,730267.0,738281.0,728760.0,13020000000.0,0.95,-1.0,0.0,1.0,0.0,1.0,negatif
711,2024-12-09,743773.0,738261.0,744098.0,738066.0,23010000000.0,0.74,0.0,0.0,0.0,1.0,0.0,netral
712,2024-12-10,745329.0,744877.0,745781.0,739679.0,20330000000.0,0.21,1.0,1.0,0.0,0.0,1.0,positif
713,2024-12-11,746475.0,744486.0,753056.0,744417.0,23550000000.0,0.15,0.0,0.0,0.0,1.0,1.0,netral
714,2024-12-12,739424.0,744197.0,747089.0,738003.0,14770000000.0,-0.94,0.28989828295177883,0.3333333333333333,0.0,0.6666666666666666,3.0,netral
715,2024-12-13,732479.0,737975.0,739990.0,732479.0,12010000000.0,-0.94,0.07298425833384196,0.3333333333333333,0.3333333333333333,0.3333333333333333,3.0,netral
716,2024-12-16,725863.0,730422.0,732079.0,720465.0,18650000000.0,-0.9,-0.9533998072147369,0.0,1.0,0.0,1.0,negatif
717,2024-12-17,715773.0,723817.0,726331.0,713206.0,15740000000.0,-1.39,0.24008232355117798,0.25,0.0,0.75,4.0,netral
718,2024-12-18,710788.0,716897.0,721688.0,710507.0,12240000000.0,-0.7,0.0,0.0,0.0,1.0,1.0,netral
719,2024-12-19,697724.0,703462.0,704055.0,695105.0,17090000000.0,-1.84,0.99025958776474,1.0,0.0,0.0,1.0,positif
720,2024-12-20,698387.0,698017.0,703240.0,693158.0,14570000000.0,0.09,0.0,0.0,0.0,1.0,2.0,netral
721,2024-12-23,709644.0,703753.0,709644.0,703573.0,13870000000.0,1.61,0.6666666666666666,0.6666666666666666,0.0,0.3333333333333333,3.0,positif
722,2024-12-24,706575.0,711564.0,712058.0,706375.0,11060000000.0,-0.43,0.0,0.0,0.0,1.0,0.0,netral
723,2024-12-27,703657.0,707338.0,710027.0,702471.0,14430000000.0,-0.41,0.0,0.0,0.0,1.0,0.0,netral
724,2024-12-30,707990.0,702678.0,707990.0,699307.0,15970000000.0,0.62,0.5,0.5,0.0,0.5,4.0,positif
